"RelativePath","SHA256"
".clangd","B64F692298E718F35ED78BFDFF2D4ECCBA2D5F8E7B995A119A7CFFFBA463B931"
".gitignore","1F190D2DF824994B10F52A5B95ABAF4951D67A6C6ABB81B3F01F48FD00AC51D4"
"CMakeLists.txt","10C4A28A931AA1F46A29A1F25CAD32CCF4E842D68E1F4A71776D6FF523229EB2"
"dependencies.lock","8C6E50C022FA80422BC4C3410CA1F889EB699D6F6163C6331C2E073E67D0D160"
"partitions.csv","33F87FF8D446F3E371464005B4510D6965D54AFE70142C740CF97A7BE0FDE51E"
"sdkconfig","0574A8B632B81579876AE30332406BDB105C88F6994288FE9DF0C629BA05AB12"
"sdkconfig.old","EEA519E663AD544135B9A3D8CBE57D422E4B67B165AF4E1403BB4596C8A46193"
".vscode\c_cpp_properties.json","2EF7D14A7765BF8BF94A573D94C12A508D7F96BCB95FAAEEC44FA53A97A0280F"
".vscode\launch.json","9DD4529928CBEAAACF71405488262412DBC38A1957AF6FCFD7684F20DFDC44DF"
".vscode\settings.json","31E41EBF5CA7E1B687718360574ADF0A1D4F748CF1F729A167903B4DE3E65686"
"components\espressif__esp_tinyusb\cdc.c","29FEB54DCE9FF0C4286BE2E8C59B20FA7006EC87B10CB17A6175FA7749544867"
"components\espressif__esp_tinyusb\CHANGELOG.md","6B969F2CAB2CBE162CFA00449DD273A5287B086E085906295EE05B407121B7A2"
"components\espressif__esp_tinyusb\CMakeLists.txt","CAF41D297039C13E71ACE73F4044A5CBA37BB54E2AC0F43533685F048849D57C"
"components\espressif__esp_tinyusb\descriptors_control.c","B548D0FE2983446D51EE6106DD230B66CE761E4A7D5CC429E1576877D704DD46"
"components\espressif__esp_tinyusb\idf_component.yml","E6A8410FF9DC72025A7FFEB16F217DB6B8F9F297E06A52481A88492AD4F51990"
"components\espressif__esp_tinyusb\Kconfig","2A00F78235C772A18E2F37E1F15C2F6101B5B37AE0EE6DCF96C6E9185A78BEE2"
"components\espressif__esp_tinyusb\LICENSE","CFC7749B96F63BD31C3C42B5C471BF756814053E847C10F3EB003417BC523D30"
"components\espressif__esp_tinyusb\README.md","3EE945D425017267CC348F862E539A16E0AEC0DFF8D6A49A03BFB0C4EA0235BB"
"components\espressif__esp_tinyusb\sbom.yml","59A4CF54E71F7D5552A0E12626B9E6846D09D0C172D2AA0C93528F7C63F00E96"
"components\espressif__esp_tinyusb\tinyusb.c","3D4F5208F77A0182453B51CEE1C58CC4A9CB3E1901E7D7A73AB48C2D3BA08623"
"components\espressif__esp_tinyusb\tinyusb_net.c","E4A505A4869755A4D242E304B1636DC8E806033A89661E7D4A6F07380A647E94"
"components\espressif__esp_tinyusb\tusb_cdc_acm.c","FE280EF02BEB2442DAA96DC7882222E9AEAED0E08E610E8D18E008C6DC45609E"
"components\espressif__esp_tinyusb\tusb_console.c","50BC6353ED394925F1971D5020197C8B437F5A23076269A2855793F814A3B84F"
"components\espressif__esp_tinyusb\tusb_msc_storage.c","C95A0A729F93B4BA7B17D294F92C9C1A25BACCDD55AD969C26FCD19B334846D1"
"components\espressif__esp_tinyusb\tusb_tasks.c","82D81C778FDDF5264FF00DCE7F2730CA1B3847241B63E7431D49F8A3E6E5B641"
"components\espressif__esp_tinyusb\usb_descriptors.c","E102E77988DB89E57DEAE910DF5F679E8B53850BA525A0AA871CB6FB856FA8F1"
"components\espressif__esp_tinyusb\vfs_tinyusb.c","30E52E9C7FA07DA3E6CCD4370790EEF7604CC8EB044256F1857A6F43BBA7AB5A"
"components\espressif__esp_tinyusb\include\tinyusb.h","D31ADAF0BA028A5D1731C49892D1039FFE21DFFF71A63DEBD02A2E7E30A3E981"
"components\espressif__esp_tinyusb\include\tinyusb_net.h","2210A92BE627E2DD5B8DAC60B9217B3388CF24B4517057767CB9E8ECDBCEF5E7"
"components\espressif__esp_tinyusb\include\tinyusb_types.h","76A4E28E18197953CDF8135CA2071AEA04A88DEA7F3D260E628876985E5AE610"
"components\espressif__esp_tinyusb\include\tusb_cdc_acm.h","5459AC35F13D04CEFE7F44FD7A2476B5C321E45A82704B9E99A31691A315AEF8"
"components\espressif__esp_tinyusb\include\tusb_config.h","78DDC65FFF07B56F1DFB94BB1AACF9BF04DB7B83165E2EBF9949B8CB0A0CF2BA"
"components\espressif__esp_tinyusb\include\tusb_console.h","542F4BD748EC55290A6497CB6D139D464FF9ACCC31E33167579EE82B1833A889"
"components\espressif__esp_tinyusb\include\tusb_msc_storage.h","CFEC61B238FDE9C5C7241EF0C1707B2A3EC1B6E732CA12C6AE8526CD06F7A872"
"components\espressif__esp_tinyusb\include\tusb_tasks.h","21256270FB383ECED925DF8CDDCAFB8A014ABD7572B7A7930D86463B8CD905C1"
"components\espressif__esp_tinyusb\include\vfs_tinyusb.h","600398576CDD360C65883DB758CD6879AB2DEBE58F20103D510C165C829DFF3E"
"components\espressif__esp_tinyusb\include_private\cdc.h","A278B2E02643869DCF5891BD33E259DAE177413985440976D918661CA3815CC7"
"components\espressif__esp_tinyusb\include_private\descriptors_control.h","8982B4213E8DDF5D17D23D5B029D19832D67E04DE75E414212909036C68974AB"
"components\espressif__esp_tinyusb\include_private\usb_descriptors.h","E7224A98418A6F3607F3F8C2DC01032CFAD8BC7337F880B4C40D54B916763F0B"
"components\espressif__esp_tinyusb\test\local\CMakeLists.txt","36A716079E3EDD05F941D97CF49EDEEFCDD2728C352FC8938A1A5CD2CBBC4151"
"components\espressif__esp_tinyusb\test\local\libusb_test.c","5BDEADC549CFCBC118DE9D19C15047BCD29759CEDD147D9185BD65F38F58E37D"
"components\espressif__esp_tinyusb\test_apps\README.md","0781C59019D3C8E253A52515388B16D83B1ABE424884EB39E1614361FF94CBDC"
"components\espressif__esp_tinyusb\test_apps\cdc\CMakeLists.txt","C7767152C9A5244C908211951F14FB6FEE4EA79A4D58052E857E5C067C6082D3"
"components\espressif__esp_tinyusb\test_apps\cdc\pytest_cdc.py","877DD42A6E6602C338825D29B41436D2961094DE25E09980F93E87C0047AFC58"
"components\espressif__esp_tinyusb\test_apps\cdc\sdkconfig.defaults","B48ED7BCF6EA208E33DBFEB2DF431BA8ACA3F79C215A5F4E308EFBFB3EB940E1"
"components\espressif__esp_tinyusb\test_apps\cdc\main\CMakeLists.txt","1E2A65AEBA1C7A0EFF71E291B3B5259D9706801E01F025FCD6D3E53C4E4AB763"
"components\espressif__esp_tinyusb\test_apps\cdc\main\idf_component.yml","4E77B9887D34ABA003BAA79625761B166C3DB7722D1C7B77841A580729FB1824"
"components\espressif__esp_tinyusb\test_apps\cdc\main\test_app_main.c","B69C692AB8FAD143A5D483E8D11A2400B8D2CF0FD9250E669703A63064D762B9"
"components\espressif__esp_tinyusb\test_apps\cdc\main\test_cdc.c","EE23982C4FE31BF8016B25ECC2589D438B429FC4C5714CD6C9284640B9BD1E31"
"components\espressif__esp_tinyusb\test_apps\dconn_detection\CMakeLists.txt","467DD35F2EAE4C04ACA3662D1490CABABC8B1B7CA7D6F09C26E8EC89775833A4"
"components\espressif__esp_tinyusb\test_apps\dconn_detection\pytest_dconn_detection.py","DEEABCFF672A5446596B443F2A4C47BCD8177C8F96BE657313F32A338B45F6E8"
"components\espressif__esp_tinyusb\test_apps\dconn_detection\sdkconfig.defaults","DCC603388769683FCE2A40E2A9687A5D31374634F3640F3D245BB267BCE9CEE3"
"components\espressif__esp_tinyusb\test_apps\dconn_detection\main\CMakeLists.txt","1E2A65AEBA1C7A0EFF71E291B3B5259D9706801E01F025FCD6D3E53C4E4AB763"
"components\espressif__esp_tinyusb\test_apps\dconn_detection\main\idf_component.yml","4E77B9887D34ABA003BAA79625761B166C3DB7722D1C7B77841A580729FB1824"
"components\espressif__esp_tinyusb\test_apps\dconn_detection\main\test_app_main.c","B69C692AB8FAD143A5D483E8D11A2400B8D2CF0FD9250E669703A63064D762B9"
"components\espressif__esp_tinyusb\test_apps\dconn_detection\main\test_dconn_detection.c","2D733331425067D9EBF09971A10356AB9F976A9BC30B33D1FA4B3992A22C62D5"
"components\espressif__esp_tinyusb\test_apps\default_task\CMakeLists.txt","4FB973053CADCE0267833DD47D198B5397FFBEB48F6BBA9B6DE75A0F2A0E9ED6"
"components\espressif__esp_tinyusb\test_apps\default_task\pytest_default_task.py","67FD12EE93EE5B82EBB7E37E8233154F25ADFFDD45D5CC7D4F2BF31ECD135778"
"components\espressif__esp_tinyusb\test_apps\default_task\sdkconfig.defaults","F31CA18C9992DE6F410F55471A10065F6FBC2685BF9A939ECD2A24F3173BF39C"
"components\espressif__esp_tinyusb\test_apps\default_task\main\CMakeLists.txt","1E2A65AEBA1C7A0EFF71E291B3B5259D9706801E01F025FCD6D3E53C4E4AB763"
"components\espressif__esp_tinyusb\test_apps\default_task\main\idf_component.yml","4E77B9887D34ABA003BAA79625761B166C3DB7722D1C7B77841A580729FB1824"
"components\espressif__esp_tinyusb\test_apps\default_task\main\test_app_main.c","827ABF27DFC804E0CE4BC72F2C8323B9D32F1C38B3734676C9356D6C428A145F"
"components\espressif__esp_tinyusb\test_apps\default_task\main\test_tusb.c","DD171CA0795146B469C0CC0A483241826B83A2A83B1EBD3DFB51C2C35A7C5FA6"
"components\espressif__esp_tinyusb\test_apps\default_task_with_init\CMakeLists.txt","84FA8237EE5A2C519336BCD5498C1BB7ED9D862657EE2F4B7B4730EB8D5A683B"
"components\espressif__esp_tinyusb\test_apps\default_task_with_init\pytest_default_task_with_init.py","67FD12EE93EE5B82EBB7E37E8233154F25ADFFDD45D5CC7D4F2BF31ECD135778"
"components\espressif__esp_tinyusb\test_apps\default_task_with_init\sdkconfig.defaults","1FAF51D2704F080E6893BF25F697AF82FD80A30C6C50999895A0383263D5869B"
"components\espressif__esp_tinyusb\test_apps\default_task_with_init\main\CMakeLists.txt","1E2A65AEBA1C7A0EFF71E291B3B5259D9706801E01F025FCD6D3E53C4E4AB763"
"components\espressif__esp_tinyusb\test_apps\default_task_with_init\main\idf_component.yml","4E77B9887D34ABA003BAA79625761B166C3DB7722D1C7B77841A580729FB1824"
"components\espressif__esp_tinyusb\test_apps\default_task_with_init\main\test_app_main.c","827ABF27DFC804E0CE4BC72F2C8323B9D32F1C38B3734676C9356D6C428A145F"
"components\espressif__esp_tinyusb\test_apps\default_task_with_init\main\test_tusb.c","F50C2265378B75D4981CC8F40348E8DC3BA2734602D1C98305618CFB84097FB1"
"components\espressif__esp_tinyusb\test_apps\external_task\CMakeLists.txt","B099EEE06526FA107A9A272D917F2E57AED2C27F4EEDCE5FF9D5C94193389F32"
"components\espressif__esp_tinyusb\test_apps\external_task\pytest_external_task_without_init.py","11819C3003D539A59F80EDAA2BEE8C6F597A1591CEC7EC8EE3F9FEC777FB9073"
"components\espressif__esp_tinyusb\test_apps\external_task\sdkconfig.defaults","1D60089945EEE84CB28F1D77DA9E8D2F43D4A5F24DFE00DAE1F7C9B95944E7F7"
"components\espressif__esp_tinyusb\test_apps\external_task\main\CMakeLists.txt","1E2A65AEBA1C7A0EFF71E291B3B5259D9706801E01F025FCD6D3E53C4E4AB763"
"components\espressif__esp_tinyusb\test_apps\external_task\main\idf_component.yml","4E77B9887D34ABA003BAA79625761B166C3DB7722D1C7B77841A580729FB1824"
"components\espressif__esp_tinyusb\test_apps\external_task\main\test_app_main.c","827ABF27DFC804E0CE4BC72F2C8323B9D32F1C38B3734676C9356D6C428A145F"
"components\espressif__esp_tinyusb\test_apps\external_task\main\test_tusb.c","9318E1499414ADAA626AE5F602A912A03764B1F5AB4834503760C637849C480C"
"components\espressif__esp_tinyusb\test_apps\teardown_device\CMakeLists.txt","D928624E69E09BE327A7C2EB93D856982A7A390BDFFDD4010DE4F2105AF280FF"
"components\espressif__esp_tinyusb\test_apps\teardown_device\pytest_teardown_device.py","0249B85991D483CE11A86D88A45649892435C549FA9AF59BAC564C9BC4CE83C6"
"components\espressif__esp_tinyusb\test_apps\teardown_device\sdkconfig.defaults","323876595C34B1CA03DA4D71AF621482B03006FB88C8E3F526D234C0E9A31284"
"components\espressif__esp_tinyusb\test_apps\teardown_device\main\CMakeLists.txt","1E2A65AEBA1C7A0EFF71E291B3B5259D9706801E01F025FCD6D3E53C4E4AB763"
"components\espressif__esp_tinyusb\test_apps\teardown_device\main\idf_component.yml","4E77B9887D34ABA003BAA79625761B166C3DB7722D1C7B77841A580729FB1824"
"components\espressif__esp_tinyusb\test_apps\teardown_device\main\test_app_main.c","B69C692AB8FAD143A5D483E8D11A2400B8D2CF0FD9250E669703A63064D762B9"
"components\espressif__esp_tinyusb\test_apps\teardown_device\main\test_teardown.c","CE655ED015EA9103442998E23273F1391DDB6DC0B13743F08B4031AC460B988F"
"components\espressif__esp_tinyusb\test_apps\vendor\CMakeLists.txt","BEA145A8460EDE7A3870C8C94C2C69B32AD1C49C8944A352D974B5AD3D9A7516"
"components\espressif__esp_tinyusb\test_apps\vendor\pytest_vendor.py","04A0B8E7834537439C482A95866B86B24FFC220B24991D1518A5FFC60EDA4060"
"components\espressif__esp_tinyusb\test_apps\vendor\sdkconfig.defaults","95D5D4BD9B3BEF1D2384DB5BFC8BAD94F86BAF2651F742A8BC1E7EE7358ED753"
"components\espressif__esp_tinyusb\test_apps\vendor\main\CMakeLists.txt","1E2A65AEBA1C7A0EFF71E291B3B5259D9706801E01F025FCD6D3E53C4E4AB763"
"components\espressif__esp_tinyusb\test_apps\vendor\main\idf_component.yml","4E77B9887D34ABA003BAA79625761B166C3DB7722D1C7B77841A580729FB1824"
"components\espressif__esp_tinyusb\test_apps\vendor\main\test_app_main.c","E1B999BD7566CF2BD42928387F9CED8ABF9B4593761A57DB99B25E165C7BA660"
"components\espressif__esp_tinyusb\test_apps\vendor\main\test_vendor.c","FA068AF24168FB04823B80745B8483EAC9C7E9BD52794A753F32F770BC4A4EF4"
"components\espressif__tinyusb\.clang-format","57D8EFDB75500A83574C0001751EC74938AC17E8AB6E49AEE93219E9C99C1CB1"
"components\espressif__tinyusb\.codespellrc","5B031E69A4D7568BADB1E4653D1F9CAEDA0370A9BBC5915F39E95FE84AA179D8"
"components\espressif__tinyusb\.gitattributes","FF489AA0B53DBD6AB63EFC1EBE9553E63727D69E1A205CA188E85485DDD41983"
"components\espressif__tinyusb\.gitignore","5CA8952CE7A83B35229EAEEC19C6383984371765FD07D2DDC367149AB0CCF2D6"
"components\espressif__tinyusb\.pre-commit-config.yaml","97C097E743A664B814AEF5E8E8DF4EA3095D01D74793236FE4362F165CC8EEC6"
"components\espressif__tinyusb\.readthedocs.yaml","35C434DE4E192FFB1929AC6E37E71E7495108C9D2BCD386308CF08554FC36E5A"
"components\espressif__tinyusb\CMakeLists.txt","C27B51E631EE493DB4659020B1A2E1EE188C3610F7B8EE3105C2C09DDB91E723"
"components\espressif__tinyusb\CODE_OF_CONDUCT.rst","901D8D6B1B03A57561313E1C6F80165DC59542A36DD47F3F254492CABB086935"
"components\espressif__tinyusb\CONTRIBUTORS.rst","1F8172BF0FE0486C2DBEB4980CDA554BA05C58D7BDDEE18E3177C67916DE6337"
"components\espressif__tinyusb\idf_component.yml","BCFEF96ECC1B3F1BD72EF10FFA168BEB0F9379286EAA68EF8A208FACBC24A54B"
"components\espressif__tinyusb\library.json","500C30B36DF1437D5059F3F76E345B54DCB6FD204D99D3150A377B305F8FF22C"
"components\espressif__tinyusb\LICENSE","B171720E8A442E7A3957D83C62CD3299DBB29DA3DB534CC626F9DDED0DE2CA44"
"components\espressif__tinyusb\pkg.yml","CF227053677FE8B350473FA626865BE4F42443B3E65329E6B039E34E50CF996C"
"components\espressif__tinyusb\README.md","4127531C032AF3994622C1BFECDBBF7D3DD9F8F3F714D06F5115A17C1F542680"
"components\espressif__tinyusb\README.rst","094168D614B201D9B2186D74522461CC74244D4C433676966BE91FCAFFD8CDDD"
"components\espressif__tinyusb\repository.yml","B7CA1E194D8FD6A73EE79C36587A0993C27D7E2077C4D92993A76530A5362F21"
"components\espressif__tinyusb\sbom.yml","9C5150865ABE5E79A7AE50699199A6EDA33EF17556C8FE1495BB38A5CB6C5EDC"
"components\espressif__tinyusb\SConscript","4D7A104ACB5A614E1757C7B92704E2BF5C7DC891E2806F91A993A95054EE7351"
"components\espressif__tinyusb\version.yml","4599A97CD36BF4E28443BC5288F5603F3F2A4721E21EBFFE5F48D416AF34D973"
"components\espressif__tinyusb\.circleci\config.yml","4C430F0B523AB0E17D9AF0051F15F37203534DCA8155B3DBF1C0E835AFDB1C22"
"components\espressif__tinyusb\.circleci\config2.yml","3571106C6E86BFBC53B03096FD608CA8785C04E82974EE4BAA31197FF73705F0"
"components\espressif__tinyusb\examples\CMakeLists.txt","2220CEC39D938CAF8908E49F3AC851B8A500899B38E16C2CC0A418682428243E"
"components\espressif__tinyusb\examples\device\99-tinyusb.rules","73245F34B756192607F750596E8C631241343E8B061BCA4FC76CF2C0111C9345"
"components\espressif__tinyusb\examples\device\CMakeLists.txt","2BA21A33514A914A5C5A51EAFAC827088733DF6452F110A01B13585F0D54EDFB"
"components\espressif__tinyusb\examples\device\audio_4_channel_mic\CMakeLists.txt","5FC65C223E9C5BB132E440CA18C64123D30EE1D6DE93F4520A9E5BA09EDA9C6F"
"components\espressif__tinyusb\examples\device\audio_4_channel_mic\Makefile","D7B9444318CCBB31F4E3A2AACE78A8CC13CB04CD9E5B40A5AB4848ECDDBF0A76"
"components\espressif__tinyusb\examples\device\audio_4_channel_mic\skip.txt","516EB2ACD630AC2D5B3B62852137BBDA781341ABCB69DC06F1900F18DA6FB95D"
"components\espressif__tinyusb\examples\device\audio_4_channel_mic\src\main.c","62F71C7817712AF5F5FD38BBC4AB2B476D6DB911000DE91ECDFE19BFDA9F5460"
"components\espressif__tinyusb\examples\device\audio_4_channel_mic\src\plot_audio_samples.py","494550A44B34D7371BAC75D1A36AF6E3024CD733443CA75D5AFFE5A0249135D3"
"components\espressif__tinyusb\examples\device\audio_4_channel_mic\src\tusb_config.h","414456864A94EB830984AA08037FC1CECE73A9CE1C4C762E68DA774E3A61918E"
"components\espressif__tinyusb\examples\device\audio_4_channel_mic\src\usb_descriptors.c","5BA7D23E05F3457271202236274D9C7B67B487D97D443C7264B1F75B2FCF37FA"
"components\espressif__tinyusb\examples\device\audio_4_channel_mic_freertos\CMakeLists.txt","183D9EC1AE358269CC2762C3C4B080088835BD132D39678CFC900ABE92786931"
"components\espressif__tinyusb\examples\device\audio_4_channel_mic_freertos\Makefile","1488B8AFA4A6CE31680B3F91E4FDCCDC0DA78A1B332E1CB6D14224234C490082"
"components\espressif__tinyusb\examples\device\audio_4_channel_mic_freertos\README.md","DA09BB10DD9D51B324A028DF50200F8135B8D732DB466910DE5A81223F181CF6"
"components\espressif__tinyusb\examples\device\audio_4_channel_mic_freertos\sdkconfig.defaults","FA8B239EBA59C3405DFAB6CB37DA5432C6C3994C964B14B8CC96376C25D5C0EE"
"components\espressif__tinyusb\examples\device\audio_4_channel_mic_freertos\skip.txt","E03D64FAF239D8B0E0C7EEA7B3A5478F9DFEFBBCC54B706652C42E919B54CB35"
"components\espressif__tinyusb\examples\device\audio_4_channel_mic_freertos\src\CMakeLists.txt","E56A867C49395F9EB8877256D6EA1A193BD42A491783EA8ECCD47A73C4A2A3A7"
"components\espressif__tinyusb\examples\device\audio_4_channel_mic_freertos\src\main.c","581F87C8CBF9E53B66A94FACD24B205059BAF537B62581FFA4A9321928202A1B"
"components\espressif__tinyusb\examples\device\audio_4_channel_mic_freertos\src\plot_audio_samples.py","2021181B1913683B25910273429E384315F79960DFFA5F8887A55AE3FACE6860"
"components\espressif__tinyusb\examples\device\audio_4_channel_mic_freertos\src\tusb_config.h","F3CA31E7D6EDF4CC778F04AF6ED377271D1D39D948F70E6B58186B80710F1F1A"
"components\espressif__tinyusb\examples\device\audio_4_channel_mic_freertos\src\usb_descriptors.c","5BA7D23E05F3457271202236274D9C7B67B487D97D443C7264B1F75B2FCF37FA"
"components\espressif__tinyusb\examples\device\audio_4_channel_mic_freertos\src\FreeRTOSConfig\FreeRTOSConfig.h","A0BA2C206B565CC8EC634B4401F1A7C0A95151DC76722DF3A1CCEE428AC43CB8"
"components\espressif__tinyusb\examples\device\audio_test\CMakeLists.txt","A07C6A35CB9E8BEA830B00271C515E313E7AD7BD8276207BA603BB228A6560B7"
"components\espressif__tinyusb\examples\device\audio_test\Makefile","DBE05418762A77D25E7BAAD7DE3BB3967BC1250D32B41C0429AD614DF6A81393"
"components\espressif__tinyusb\examples\device\audio_test\skip.txt","0A79A92C5E0F19AA9F0357E48A77F534B3DFBF98A7A35E186C75BB815CEFC0F3"
"components\espressif__tinyusb\examples\device\audio_test\src\main.c","702BBAA37B6D8E2159E2A6DC6E669805AAF99CFD37C44C8B905AC9261812BC2D"
"components\espressif__tinyusb\examples\device\audio_test\src\plot_audio_samples.py","D293007387E6A970029CF9F716E04C53E30963534C30B18E7F6AD76B8CC26CB6"
"components\espressif__tinyusb\examples\device\audio_test\src\tusb_config.h","6AC9958CB98EEF7301B1B8B0C335DE51FA4AE14486A96401665922BA55FA9556"
"components\espressif__tinyusb\examples\device\audio_test\src\usb_descriptors.c","0E5BD09A66E974CF2DD64DB245B2642D1CD86E8037A259A7385E8FB2D1872E86"
"components\espressif__tinyusb\examples\device\audio_test_freertos\CMakeLists.txt","842DDBB8AA40AD3EC2BD6C1867793D047B2F977CCFADB0A2B4F35C82C4372F18"
"components\espressif__tinyusb\examples\device\audio_test_freertos\Makefile","1488B8AFA4A6CE31680B3F91E4FDCCDC0DA78A1B332E1CB6D14224234C490082"
"components\espressif__tinyusb\examples\device\audio_test_freertos\README.md","72A840678263BD78F1ED6306BC9BAA3AEEAE12688B134FB66FC12DDF3D93931D"
"components\espressif__tinyusb\examples\device\audio_test_freertos\sdkconfig.defaults","15DC1EFEFFE4DBA2BC0ECE40B680A215BD0B3428F6EE62A05352CEDA453DAFC9"
"components\espressif__tinyusb\examples\device\audio_test_freertos\skip.txt","C6A3A2B77FAFA0FF8EAC250C8A969264E39C66618681922CFFF26241D269187F"
"components\espressif__tinyusb\examples\device\audio_test_freertos\src\CMakeLists.txt","E56A867C49395F9EB8877256D6EA1A193BD42A491783EA8ECCD47A73C4A2A3A7"
"components\espressif__tinyusb\examples\device\audio_test_freertos\src\main.c","9B4FED4CA135242B9EE57F587E806D9C40CBE010CE0D09AF597C01998B0C54FA"
"components\espressif__tinyusb\examples\device\audio_test_freertos\src\plot_audio_samples.py","91B8C7F9339BF3EF45F09168772EC4883502BFE772AF47C8AC6D47EA3B8B1395"
"components\espressif__tinyusb\examples\device\audio_test_freertos\src\tusb_config.h","9813342E7CEB54E8084709DC36DA3542EF01292FECD32590DBA03767D7A459B9"
"components\espressif__tinyusb\examples\device\audio_test_freertos\src\usb_descriptors.c","0E5BD09A66E974CF2DD64DB245B2642D1CD86E8037A259A7385E8FB2D1872E86"
"components\espressif__tinyusb\examples\device\audio_test_freertos\src\FreeRTOSConfig\FreeRTOSConfig.h","A0BA2C206B565CC8EC634B4401F1A7C0A95151DC76722DF3A1CCEE428AC43CB8"
"components\espressif__tinyusb\examples\device\audio_test_multi_rate\CMakeLists.txt","A07C6A35CB9E8BEA830B00271C515E313E7AD7BD8276207BA603BB228A6560B7"
"components\espressif__tinyusb\examples\device\audio_test_multi_rate\Makefile","DBE05418762A77D25E7BAAD7DE3BB3967BC1250D32B41C0429AD614DF6A81393"
"components\espressif__tinyusb\examples\device\audio_test_multi_rate\skip.txt","0A79A92C5E0F19AA9F0357E48A77F534B3DFBF98A7A35E186C75BB815CEFC0F3"
"components\espressif__tinyusb\examples\device\audio_test_multi_rate\src\main.c","6503284D7E1ED3EF6661E77BA60BC4E54A4BA892477D563812AC8BB0B75F1AF6"
"components\espressif__tinyusb\examples\device\audio_test_multi_rate\src\plot_audio_samples.py","A2E5BB9FA753C2DE7992BD7D66CA25B8D3530496CF92E137016CB304A275A78D"
"components\espressif__tinyusb\examples\device\audio_test_multi_rate\src\tusb_config.h","902761A06C571D4CB895690DFF3024100167364D991D44633711139F8C19559B"
"components\espressif__tinyusb\examples\device\audio_test_multi_rate\src\usb_descriptors.c","DC9DFCA9967C69CC275BF07D4F1B6E9D49DB4447AAF5F5F2EC4E6FBD3D882F36"
"components\espressif__tinyusb\examples\device\audio_test_multi_rate\src\usb_descriptors.h","26C4ABF9C05887B8840E7FBB1C7616E98948EED130FAF2335D848731E77BCAC8"
"components\espressif__tinyusb\examples\device\board_test\CMakeLists.txt","37954A707DF3DA8420D43448C34C91B965C32EBEF801435A080084CB8417224E"
"components\espressif__tinyusb\examples\device\board_test\Makefile","DBE05418762A77D25E7BAAD7DE3BB3967BC1250D32B41C0429AD614DF6A81393"
"components\espressif__tinyusb\examples\device\board_test\sdkconfig.defaults","15DC1EFEFFE4DBA2BC0ECE40B680A215BD0B3428F6EE62A05352CEDA453DAFC9"
"components\espressif__tinyusb\examples\device\board_test\src\CMakeLists.txt","174BC4909428B76659238D0024E1E7F798D47FA892ECDAF24F2C02A8231839CF"
"components\espressif__tinyusb\examples\device\board_test\src\main.c","1AB79625FB15D4735A1053E6A96815F2D26E496F175D8A9B5505DF5E5F1FEDFE"
"components\espressif__tinyusb\examples\device\board_test\src\tusb_config.h","EC237431E3F220DA377AAF335D4CB265223AF734BD81CB05088DF1DD93F3236A"
"components\espressif__tinyusb\examples\device\cdc_dual_ports\CMakeLists.txt","A07C6A35CB9E8BEA830B00271C515E313E7AD7BD8276207BA603BB228A6560B7"
"components\espressif__tinyusb\examples\device\cdc_dual_ports\Makefile","DBE05418762A77D25E7BAAD7DE3BB3967BC1250D32B41C0429AD614DF6A81393"
"components\espressif__tinyusb\examples\device\cdc_dual_ports\skip.txt","3147177F34D8A1AA31353DDAAF8A779D86CF03A5552976505DAE7E1B62EC48CA"
"components\espressif__tinyusb\examples\device\cdc_dual_ports\src\main.c","47802A48E93BE0BE8955BF0A29CA54C475279FC72F809DCC9356DB8FF39B0F60"
"components\espressif__tinyusb\examples\device\cdc_dual_ports\src\tusb_config.h","AC62EF4D7A3A046D48D26B9D2C413FEBB54B81EC47B1DEA9529446F8044B011D"
"components\espressif__tinyusb\examples\device\cdc_dual_ports\src\usb_descriptors.c","627EB89306860CFDD985E5BF664276D7025C2E0116F1C843CAE4041DFE6BAD44"
"components\espressif__tinyusb\examples\device\cdc_msc\CMakeLists.txt","992EFBA749028A0FA68C5AABE01C8EE3E9CB3B3734CE917A6FB1118E9F0F7F13"
"components\espressif__tinyusb\examples\device\cdc_msc\Makefile","9054B040E77FB97E7E8AE6EE501E0EF02DD49BF7513AA7C22A3A44153964E907"
"components\espressif__tinyusb\examples\device\cdc_msc\skip.txt","043B21E4CD12D1CD892A4AB31B4A9555BC9E145F39DEADCA55A69C4A98E3BB97"
"components\espressif__tinyusb\examples\device\cdc_msc\src\main.c","2FBD68819BBA62E8DDCDD2F7680C4CE48DF7C520C66AE58EBC3948580A6F4496"
"components\espressif__tinyusb\examples\device\cdc_msc\src\msc_disk.c","9DC5E0030F87C3F4D5850D0663789C409ACAC185DC024496B723D144CBEC0A3C"
"components\espressif__tinyusb\examples\device\cdc_msc\src\tusb_config.h","B01C9720956C7B0898568DFAE73FC6595C412DB89789C1B6B787609538E7FB6F"
"components\espressif__tinyusb\examples\device\cdc_msc\src\usb_descriptors.c","1984BB13B6414A5EB2485A243D9E3531D3A99495129C750F73AC82B004CB6E27"
"components\espressif__tinyusb\examples\device\cdc_msc_freertos\CMakeLists.txt","3C48A965A043E17D40E944F1ACD14C0EAB7669F98F3C9D41546742095B110BE8"
"components\espressif__tinyusb\examples\device\cdc_msc_freertos\Makefile","0B5155FF9B28AB2D8DF76BDCAB52BB68115CCFD80E20229103ECD3624ECA52F4"
"components\espressif__tinyusb\examples\device\cdc_msc_freertos\sdkconfig.defaults","15DC1EFEFFE4DBA2BC0ECE40B680A215BD0B3428F6EE62A05352CEDA453DAFC9"
"components\espressif__tinyusb\examples\device\cdc_msc_freertos\skip.txt","04732D3A8A4888F6D692974BE8D7A282D4F77C2622E427012C1AB361FFD27390"
"components\espressif__tinyusb\examples\device\cdc_msc_freertos\src\CMakeLists.txt","7113EC9C2606DA0369A954097509B6DE53C4609998735393BC51A196EE94E12D"
"components\espressif__tinyusb\examples\device\cdc_msc_freertos\src\main.c","88481C3BC21ADD09CAAB67E47CB83933C44C450111FFD19971470F3E91FDF7E1"
"components\espressif__tinyusb\examples\device\cdc_msc_freertos\src\msc_disk.c","9DC5E0030F87C3F4D5850D0663789C409ACAC185DC024496B723D144CBEC0A3C"
"components\espressif__tinyusb\examples\device\cdc_msc_freertos\src\tusb_config.h","883DA608C46CFBABBCBC362FA3D5FF51525E490A2A55146D4642B81AC28775CF"
"components\espressif__tinyusb\examples\device\cdc_msc_freertos\src\usb_descriptors.c","95E0773D1B233CDE8FC2772F1316441B66D930BA3CA15B02824AB1EACDC4FFF6"
"components\espressif__tinyusb\examples\device\cdc_msc_freertos\src\FreeRTOSConfig\FreeRTOSConfig.h","A0BA2C206B565CC8EC634B4401F1A7C0A95151DC76722DF3A1CCEE428AC43CB8"
"components\espressif__tinyusb\examples\device\cdc_uac2\CMakeLists.txt","309E09A2FBF46C5794F437D7C04A8F725186E51B43AFF862FD5A2F05D1F143A0"
"components\espressif__tinyusb\examples\device\cdc_uac2\Makefile","BD6CE0F9C05C8C87B037A72AE870BA83D10B122FF685AE6E7E2D076DCBE0E5AE"
"components\espressif__tinyusb\examples\device\cdc_uac2\README.md","352F61623499D730ED46E445817BAC9C46F728CCF415008B23F0ABD155EF646D"
"components\espressif__tinyusb\examples\device\cdc_uac2\src\cdc_app.c","0AB67AC3F1A673468AAE686BD66FA7181BB3D0E9AFC497CF8D44545E3DD1E01F"
"components\espressif__tinyusb\examples\device\cdc_uac2\src\common.h","9F11D99B77C3AE215CF3369B2D2957480645242B909F41B3877FB5D309FB894D"
"components\espressif__tinyusb\examples\device\cdc_uac2\src\main.c","A58186727E1AD24F6DFA1AC216EBFA9F363A954A0DB0C63DFF8D05FA1F02782E"
"components\espressif__tinyusb\examples\device\cdc_uac2\src\tusb_config.h","EE536C63EE01BDCC98A1B252389E2C02611986975ADCD0238B171F516F9B6FEA"
"components\espressif__tinyusb\examples\device\cdc_uac2\src\uac2_app.c","3ED277B4CFFCE9D072177FFF70621D7D64B25E031E56BF3E83C18A73A3997441"
"components\espressif__tinyusb\examples\device\cdc_uac2\src\usb_descriptors.c","EB268236D608B148DD1917494FF14380044B1A3B5B7E209003E557CDC2381B21"
"components\espressif__tinyusb\examples\device\cdc_uac2\src\usb_descriptors.h","BB9CEEDD2CA4DCEA3D9BFF2459F0969A293A51F5F8B6B509D642EE21DF33D267"
"components\espressif__tinyusb\examples\device\dfu\CMakeLists.txt","7DD15188CEBD2D64C3E3023BAF80062951E3233DB94DF9C3C3DCE98896C6D182"
"components\espressif__tinyusb\examples\device\dfu\Makefile","2C992CDC18C75DA5AA1845143DAAD4E8909C191B5E261E52C37A8028A2AB6121"
"components\espressif__tinyusb\examples\device\dfu\skip.txt","30C292A9855076F08C2FD4176D5C853CB2FCF7E1B4F327130CAD241E931AB233"
"components\espressif__tinyusb\examples\device\dfu\src\main.c","F6EED6C6810EE1ACD137F238EB60226A73A9B04F403FCF513D66D34B65A92B77"
"components\espressif__tinyusb\examples\device\dfu\src\tusb_config.h","BD2C166ABA0EC1E6B6571113DB84F931F12DD524B6E316536B596383EF0E2719"
"components\espressif__tinyusb\examples\device\dfu\src\usb_descriptors.c","F0BEF171633472C22184FFAA8349C02419A7EB7990F4DE062C87A9E15364A15D"
"components\espressif__tinyusb\examples\device\dfu_runtime\CMakeLists.txt","7DD15188CEBD2D64C3E3023BAF80062951E3233DB94DF9C3C3DCE98896C6D182"
"components\espressif__tinyusb\examples\device\dfu_runtime\Makefile","E3F06A698EDBE744D4F9B7104BA8F0C60D9ED5518B1E81F4FF39CB7CF720743A"
"components\espressif__tinyusb\examples\device\dfu_runtime\src\main.c","BBC188087D8BE1447D0D24B2B5B721CD84E0AFEEA33E879CB5871E686A458E11"
"components\espressif__tinyusb\examples\device\dfu_runtime\src\tusb_config.h","904E675B3FD1DDF4042E4F5343BBF3C707DA5201C9046D268BEE09EE4E6BDB7B"
"components\espressif__tinyusb\examples\device\dfu_runtime\src\usb_descriptors.c","4F6D73FEBF7E600C970433AE4C017FDDC56C21E596980997EA0F783B31E0F9BF"
"components\espressif__tinyusb\examples\device\dynamic_configuration\CMakeLists.txt","E86907FD11F48A7AD7CD68BB134254658087D2C4E841B2EEAFBAC1DABB1D0357"
"components\espressif__tinyusb\examples\device\dynamic_configuration\Makefile","E3F06A698EDBE744D4F9B7104BA8F0C60D9ED5518B1E81F4FF39CB7CF720743A"
"components\espressif__tinyusb\examples\device\dynamic_configuration\skip.txt","043B21E4CD12D1CD892A4AB31B4A9555BC9E145F39DEADCA55A69C4A98E3BB97"
"components\espressif__tinyusb\examples\device\dynamic_configuration\src\main.c","493908D77AADC101F1164FC361983D9F117DA8FEDB5E2A9BEB7763233907832A"
"components\espressif__tinyusb\examples\device\dynamic_configuration\src\msc_disk.c","03276EDB7442CDED450A94D95D82E011153C2E4BB2691E4FBF51EFC16D350533"
"components\espressif__tinyusb\examples\device\dynamic_configuration\src\tusb_config.h","3425D8F9D2D47318D1A27F787489CC71406D3B9963314964A9C4349EEFC35EF0"
"components\espressif__tinyusb\examples\device\dynamic_configuration\src\usb_descriptors.c","8B87F3F6C8D66BFDB664DAD87F284BA46A4AB6FF61A03E9AC3D734D7EB8A4652"
"components\espressif__tinyusb\examples\device\hid_boot_interface\CMakeLists.txt","7DD15188CEBD2D64C3E3023BAF80062951E3233DB94DF9C3C3DCE98896C6D182"
"components\espressif__tinyusb\examples\device\hid_boot_interface\Makefile","2C992CDC18C75DA5AA1845143DAAD4E8909C191B5E261E52C37A8028A2AB6121"
"components\espressif__tinyusb\examples\device\hid_boot_interface\src\main.c","FCC3D51C9131F09C77EC4E178936C0B9CD2D25A01AA928CA67BC6F5A6BC8CC22"
"components\espressif__tinyusb\examples\device\hid_boot_interface\src\tusb_config.h","46426231C8EFF8273DA2D7BFB0E7016B3067D6D63D598886013CA746599F656D"
"components\espressif__tinyusb\examples\device\hid_boot_interface\src\usb_descriptors.c","1F7948D212D41EDAEE9D7CDE002D9369F7934F8E6061DD23031BF39DBC86047E"
"components\espressif__tinyusb\examples\device\hid_boot_interface\src\usb_descriptors.h","A4B16CB9C6C8706E3B12ED2DC79C145BCB2D9ACFA5B4FFEF83FDC19C32061081"
"components\espressif__tinyusb\examples\device\hid_composite\CMakeLists.txt","7DD15188CEBD2D64C3E3023BAF80062951E3233DB94DF9C3C3DCE98896C6D182"
"components\espressif__tinyusb\examples\device\hid_composite\Makefile","E3F06A698EDBE744D4F9B7104BA8F0C60D9ED5518B1E81F4FF39CB7CF720743A"
"components\espressif__tinyusb\examples\device\hid_composite\src\main.c","CE11F03CA8786A70FDA4D7904FB60FAC9B02A5C45341595A2D3EFEF3F7114453"
"components\espressif__tinyusb\examples\device\hid_composite\src\tusb_config.h","EB624C5BD054EFC4D9493760E1F4C3F071BC32D47AC569B42E2F0FBF3126187B"
"components\espressif__tinyusb\examples\device\hid_composite\src\usb_descriptors.c","8BD009DC02ECF1E512450DE7A05495098EA282C203B84FFB822173957D80F2C8"
"components\espressif__tinyusb\examples\device\hid_composite\src\usb_descriptors.h","32779502369A68ED32D67BCE1C96616CADFCE4743D7CAD79093BAD57A01E7CA9"
"components\espressif__tinyusb\examples\device\hid_composite_freertos\CMakeLists.txt","842DDBB8AA40AD3EC2BD6C1867793D047B2F977CCFADB0A2B4F35C82C4372F18"
"components\espressif__tinyusb\examples\device\hid_composite_freertos\Makefile","8B2E3A050E14F4589FF2D014AC0776D8A93BC4E4C372BAAC299724D0E555CF86"
"components\espressif__tinyusb\examples\device\hid_composite_freertos\sdkconfig.defaults","15DC1EFEFFE4DBA2BC0ECE40B680A215BD0B3428F6EE62A05352CEDA453DAFC9"
"components\espressif__tinyusb\examples\device\hid_composite_freertos\skip.txt","C6A3A2B77FAFA0FF8EAC250C8A969264E39C66618681922CFFF26241D269187F"
"components\espressif__tinyusb\examples\device\hid_composite_freertos\src\CMakeLists.txt","CA1B50CBC770EEC279FBAB681285AF38134721C2A1439CE53FCF029D75FE63BF"
"components\espressif__tinyusb\examples\device\hid_composite_freertos\src\main.c","6CEC4F2F45DAD0C18D49B32E5ED9A5EF4DFAD314A4B831230B4658658CAFF799"
"components\espressif__tinyusb\examples\device\hid_composite_freertos\src\tusb_config.h","AC986E3F4847F78AA359A463A7E989595BB54490228E613B041D5D5BB51ABA21"
"components\espressif__tinyusb\examples\device\hid_composite_freertos\src\usb_descriptors.c","397417E848AF27EE3ABE7B7EB87FA4FC602A2E968248C3CD22DCC18D78662B92"
"components\espressif__tinyusb\examples\device\hid_composite_freertos\src\usb_descriptors.h","32779502369A68ED32D67BCE1C96616CADFCE4743D7CAD79093BAD57A01E7CA9"
"components\espressif__tinyusb\examples\device\hid_composite_freertos\src\FreeRTOSConfig\FreeRTOSConfig.h","A0BA2C206B565CC8EC634B4401F1A7C0A95151DC76722DF3A1CCEE428AC43CB8"
"components\espressif__tinyusb\examples\device\hid_generic_inout\boards.js","1AE6074D49E51DC9FB54D335E02E0B62B65E14519D946C2D3B6A856A8E0255E8"
"components\espressif__tinyusb\examples\device\hid_generic_inout\CMakeLists.txt","7DD15188CEBD2D64C3E3023BAF80062951E3233DB94DF9C3C3DCE98896C6D182"
"components\espressif__tinyusb\examples\device\hid_generic_inout\hid_test.js","A266F38F36CB2329B047D75B79A30C4A0423DBD2C532007C725D06A3874F4A55"
"components\espressif__tinyusb\examples\device\hid_generic_inout\hid_test.py","E96CC502826A0C350AC2637241B18324F93BB30AC6280E5EF369C34857DF8C9A"
"components\espressif__tinyusb\examples\device\hid_generic_inout\Makefile","E3F06A698EDBE744D4F9B7104BA8F0C60D9ED5518B1E81F4FF39CB7CF720743A"
"components\espressif__tinyusb\examples\device\hid_generic_inout\src\main.c","1EFAC041ADAD4C708EC87C9DB5BA378F55759CF7C301AD55F1856978918A19AB"
"components\espressif__tinyusb\examples\device\hid_generic_inout\src\tusb_config.h","B49097CA1B65737EF93FA65EDE519D97EBE1DFB6DBACA60124815134A51230C3"
"components\espressif__tinyusb\examples\device\hid_generic_inout\src\usb_descriptors.c","75F0EA03FED1AE51349FCEB20175592C604117E7A53FA47AED1ECCA9E9DD6C1A"
"components\espressif__tinyusb\examples\device\hid_multiple_interface\CMakeLists.txt","7DD15188CEBD2D64C3E3023BAF80062951E3233DB94DF9C3C3DCE98896C6D182"
"components\espressif__tinyusb\examples\device\hid_multiple_interface\Makefile","E3F06A698EDBE744D4F9B7104BA8F0C60D9ED5518B1E81F4FF39CB7CF720743A"
"components\espressif__tinyusb\examples\device\hid_multiple_interface\src\main.c","1E5BB97F21F02B2F7609C52D949139DCDC8D4EA741BC3A56B99DB998B20C850F"
"components\espressif__tinyusb\examples\device\hid_multiple_interface\src\tusb_config.h","8D764AB9BBEBBF159E82C329F907B784AE582A9155721255C8AE1A38609BE4EA"
"components\espressif__tinyusb\examples\device\hid_multiple_interface\src\usb_descriptors.c","EC8362EC3B57870BBC12435706C23CFF9D991862275E67382808058656D5683E"
"components\espressif__tinyusb\examples\device\midi_test\CMakeLists.txt","A07C6A35CB9E8BEA830B00271C515E313E7AD7BD8276207BA603BB228A6560B7"
"components\espressif__tinyusb\examples\device\midi_test\Makefile","DBE05418762A77D25E7BAAD7DE3BB3967BC1250D32B41C0429AD614DF6A81393"
"components\espressif__tinyusb\examples\device\midi_test\src\main.c","1A3BB871160A72274E9FE9287DC0CAAA5BE8AA19185216B1385140EFB1B7B242"
"components\espressif__tinyusb\examples\device\midi_test\src\tusb_config.h","68CEB2E3B45ADE8D8B1897B85F16BEB21EE44CA0D68452BAB6970B7059056D4C"
"components\espressif__tinyusb\examples\device\midi_test\src\usb_descriptors.c","FA4ACA6E6A1D27B78F42E727201C6A2E914E9BCE2A172BC022805A3DC0C9C886"
"components\espressif__tinyusb\examples\device\midi_test_freertos\CMakeLists.txt","842DDBB8AA40AD3EC2BD6C1867793D047B2F977CCFADB0A2B4F35C82C4372F18"
"components\espressif__tinyusb\examples\device\midi_test_freertos\Makefile","6785D181A6ED2DBC09A2C763CD8249A2150E12B312F5F5A503EEE556E770FED4"
"components\espressif__tinyusb\examples\device\midi_test_freertos\skip.txt","C6A3A2B77FAFA0FF8EAC250C8A969264E39C66618681922CFFF26241D269187F"
"components\espressif__tinyusb\examples\device\midi_test_freertos\src\CMakeLists.txt","E163C1AE75165D56E5FE2C93C6D890B08C4DBC6862D1657F12E54BDA29C65B26"
"components\espressif__tinyusb\examples\device\midi_test_freertos\src\main.c","6BFABD5568B3575663EF448B1D4D73C0E0AA3A81523D09E93DAA2A3C2711E6CF"
"components\espressif__tinyusb\examples\device\midi_test_freertos\src\tusb_config.h","E7D67AA4210C49FC5265077FFDB39F40C566368D2A012919C696417B11A0AA7C"
"components\espressif__tinyusb\examples\device\midi_test_freertos\src\usb_descriptors.c","FA4ACA6E6A1D27B78F42E727201C6A2E914E9BCE2A172BC022805A3DC0C9C886"
"components\espressif__tinyusb\examples\device\msc_dual_lun\CMakeLists.txt","5C4459BF295E7F41BEE0A2C89F53FA5521671D23F2A488B10CC4F916F489A9B6"
"components\espressif__tinyusb\examples\device\msc_dual_lun\Makefile","DBE05418762A77D25E7BAAD7DE3BB3967BC1250D32B41C0429AD614DF6A81393"
"components\espressif__tinyusb\examples\device\msc_dual_lun\skip.txt","08B2B5840B825FDB7614FF6C26268DBD5CE02BA39EF3AAC02327F8BD341CA5DA"
"components\espressif__tinyusb\examples\device\msc_dual_lun\src\main.c","77F1BB3A8FD0988E66A70B894CFA4CAD8613E7191D271ADB6469EA2EA66A536E"
"components\espressif__tinyusb\examples\device\msc_dual_lun\src\msc_disk_dual.c","2C530FDAB2221DDF38CE0947C8F33CAA976D028BFD1F1F421FF86F0A944AD37F"
"components\espressif__tinyusb\examples\device\msc_dual_lun\src\tusb_config.h","619E80E07A87BD5E6B2204D7903E3A5C1B9F4EC19F92595FFF30A9490AE43676"
"components\espressif__tinyusb\examples\device\msc_dual_lun\src\usb_descriptors.c","765F20E52F864398A73BBA655D097FA37A8E06C99A4F80CBEF057387E952A5BD"
"components\espressif__tinyusb\examples\device\net_lwip_webserver\CMakeLists.txt","601DEB88CC18AE411C5CAAD8FF2BEA60C9893A69A3DAECDB2C4563E39A7C9363"
"components\espressif__tinyusb\examples\device\net_lwip_webserver\Makefile","C0DC1319FDAEF5DE3300115978EEE0A3D13FDD7F6C130538A7E46278DC22596A"
"components\espressif__tinyusb\examples\device\net_lwip_webserver\skip.txt","80D2D3189BA99EF62E9BF74969ECAD2E2A30F52857F758EAFB6F71059EA3A5BA"
"components\espressif__tinyusb\examples\device\net_lwip_webserver\src\lwipopts.h","912B6EDA4FDB5AF9AE76F925CBEB243B87E38B2DA633A2BED50E3B342933D0ED"
"components\espressif__tinyusb\examples\device\net_lwip_webserver\src\main.c","C76CC8791AD9AB15F57EEED558EE4FCDC9984340F4018C2A490FD7E72358EE3A"
"components\espressif__tinyusb\examples\device\net_lwip_webserver\src\tusb_config.h","540D0472223F7ED88CA114FC75A084B851CC8A65DBD165D27EBBBE687C5A03C3"
"components\espressif__tinyusb\examples\device\net_lwip_webserver\src\usb_descriptors.c","9784FAA35F1049241A3E0ECD216BF218DFDF268D083ABBAFCFC730422147D280"
"components\espressif__tinyusb\examples\device\net_lwip_webserver\src\arch\bpstruct.h","3BAFE4D0E10049BB088DBD3139431102307D94F511097BA3110553C76FDE7C3D"
"components\espressif__tinyusb\examples\device\net_lwip_webserver\src\arch\cc.h","C737E39AFA61B067698245D28B39FBAC483289740AD85DE238CC3C0E81448960"
"components\espressif__tinyusb\examples\device\net_lwip_webserver\src\arch\epstruct.h","EABC2248B1F62D07D4B33553C4ED387D72A93B955FB61F4992E22B30327C63A6"
"components\espressif__tinyusb\examples\device\uac2_headset\CMakeLists.txt","4DD9221E33F6D51D554AA41D14DDD33464405022F356A9371739E32EDEC29D08"
"components\espressif__tinyusb\examples\device\uac2_headset\Makefile","DBE05418762A77D25E7BAAD7DE3BB3967BC1250D32B41C0429AD614DF6A81393"
"components\espressif__tinyusb\examples\device\uac2_headset\skip.txt","F865FE12BCE605A68E50BA5ABA52DB064AB5DFF08CB7D1023AF5B1F2AD169351"
"components\espressif__tinyusb\examples\device\uac2_headset\src\main.c","F2A8707E7469491DA5F1803F89C0F0A8452CA9BFFF8CACC6CEEBFC19750B2679"
"components\espressif__tinyusb\examples\device\uac2_headset\src\tusb_config.h","3E1A5EFD84EE7D9CB52D087B9D8AFCF9DB3DB0441C4292E3FBBFE022B8D85142"
"components\espressif__tinyusb\examples\device\uac2_headset\src\usb_descriptors.c","7149B9CEFE4B947AD6CFF7856C1E652742A0A937ECA4E03C1D94A4AA128F1D10"
"components\espressif__tinyusb\examples\device\uac2_headset\src\usb_descriptors.h","BD7D977CFA8FC5AC2E6913F0FEDCBBDC77D67D3363DB7A7F85D2C3A8B74A4423"
"components\espressif__tinyusb\examples\device\uac2_speaker_fb\CMakeLists.txt","60A42E212DE26DE7265AAAF8B1C6CC800DD845FC59408D22E4E041C724FD71DB"
"components\espressif__tinyusb\examples\device\uac2_speaker_fb\Makefile","DBE05418762A77D25E7BAAD7DE3BB3967BC1250D32B41C0429AD614DF6A81393"
"components\espressif__tinyusb\examples\device\uac2_speaker_fb\skip.txt","D83C041EBEEC099276A995F5ED742ACB81B1D2D5D9DFB8FF3898ED57B5BAFCF8"
"components\espressif__tinyusb\examples\device\uac2_speaker_fb\src\audio_debug.py","D9EEB3E99F973A8E05A519AFAF977295D81C4B3C1D6E720B59731C8350AC8997"
"components\espressif__tinyusb\examples\device\uac2_speaker_fb\src\common_types.h","551D97E1879047D44ABA3211091D192DC97D8EDD49FD620655D51D56F0CE3116"
"components\espressif__tinyusb\examples\device\uac2_speaker_fb\src\main.c","C3B5F2A6A6D325B4CE7CADEFAEFF33CA059B4E7A112068941788F69AD7872534"
"components\espressif__tinyusb\examples\device\uac2_speaker_fb\src\quirk_os_guessing.c","38764086FBDACB9638D86F90BC22324ECBB6733EBBD7E2C4AD95588083B61A82"
"components\espressif__tinyusb\examples\device\uac2_speaker_fb\src\quirk_os_guessing.h","26F2E2B994371D8E02E7B96E9F25EE5B70DFE0808FEAAF79BBA44B4CA9BCF936"
"components\espressif__tinyusb\examples\device\uac2_speaker_fb\src\tusb_config.h","C63A12B58ECC4B866B55BCA074509E2E83DF22911885372BEE892B3027A439DD"
"components\espressif__tinyusb\examples\device\uac2_speaker_fb\src\usb_descriptors.c","B178C284C117BAFD4066D29EE7BB0FE86144DE1AE3FAAE37647CFAEC495FFB58"
"components\espressif__tinyusb\examples\device\uac2_speaker_fb\src\usb_descriptors.h","3A1C0D59475172D4476089E3EBA589C9A04D05F7E7CF9836EB2B86DC281BAABE"
"components\espressif__tinyusb\examples\device\usbtmc\CMakeLists.txt","25670EB636F233A54504D117991ED3DC3A5ED75E656FAAC43EE5E6D21DDC8585"
"components\espressif__tinyusb\examples\device\usbtmc\Makefile","E3F06A698EDBE744D4F9B7104BA8F0C60D9ED5518B1E81F4FF39CB7CF720743A"
"components\espressif__tinyusb\examples\device\usbtmc\skip.txt","FC51757819B00E14B3D906488D6F6163238580F0718E31A72A34CDB613F6C85A"
"components\espressif__tinyusb\examples\device\usbtmc\visaQuery.py","C9D6EFE31F6A7195708E3B3F498F4E7C9F569B30714B85E268550C6C8EC35683"
"components\espressif__tinyusb\examples\device\usbtmc\src\main.c","D0939F5331EA15F456B6CCBCE5096EB9BAF4A0DCCAE76556E376EE532D4AFDB7"
"components\espressif__tinyusb\examples\device\usbtmc\src\main.h","2A2C5DA31192EA7971EE2DC3BE4B34CA40CABFC7155A2A872CE27A7A773BCE9B"
"components\espressif__tinyusb\examples\device\usbtmc\src\tusb_config.h","54932E4E56EEC15174360498EF286C53C8C3EFB0EFB9EC5A8312ED74737292B7"
"components\espressif__tinyusb\examples\device\usbtmc\src\usbtmc_app.c","64D5B88401E168E455FD0D576AF91EAE94EEE456241FE9AE11FA373E2228BB7F"
"components\espressif__tinyusb\examples\device\usbtmc\src\usbtmc_app.h","1935D860BE6562044AA379077DB702C80B3F6288708C7F379C8E0CE7B0780EAE"
"components\espressif__tinyusb\examples\device\usbtmc\src\usb_descriptors.c","6F3234899C6B779D54E044ED96169F94C7AF5C5B4F5CF19A341DBBBD10038CB9"
"components\espressif__tinyusb\examples\device\video_capture\CMakeLists.txt","8FFAFEF187ED669B26CBE485EF2BDBE234F4238D1A2152A5611D9864C76E83F8"
"components\espressif__tinyusb\examples\device\video_capture\Makefile","12992A5B9D66BCF4C57CBF13164D1E445CEBDECD1903FC866130B23FFE317A2C"
"components\espressif__tinyusb\examples\device\video_capture\skip.txt","67051C2A13173782676496A6CDCC8ED0E9A9992098A657B7AD0CE441DBB7C082"
"components\espressif__tinyusb\examples\device\video_capture\src\CMakeLists.txt","E56A867C49395F9EB8877256D6EA1A193BD42A491783EA8ECCD47A73C4A2A3A7"
"components\espressif__tinyusb\examples\device\video_capture\src\images.h","D02B9E0573348FF0FA3B5F818A3472F7302422ADB0310E953330A70BAA68BA94"
"components\espressif__tinyusb\examples\device\video_capture\src\main.c","2A4A95A84ECE29C52A4F31B17D0B79F688972C92FC7A3B16BEB9000068599693"
"components\espressif__tinyusb\examples\device\video_capture\src\tusb_config.h","B52257444C69855F8C0674174FF7A945F6D6A0CCC5C27C34A90503B280B9C62E"
"components\espressif__tinyusb\examples\device\video_capture\src\usb_descriptors.c","06E99A84A48AFD009F643AC85C2B8F3A26BC34CD8154192BA40DE4EC3BAF56D4"
"components\espressif__tinyusb\examples\device\video_capture\src\usb_descriptors.h","4E2735C603EABC472D859D7B56F43A0FD9494656B311909DBA38F1ECD92E7A43"
"components\espressif__tinyusb\examples\device\video_capture_2ch\CMakeLists.txt","8FFAFEF187ED669B26CBE485EF2BDBE234F4238D1A2152A5611D9864C76E83F8"
"components\espressif__tinyusb\examples\device\video_capture_2ch\Makefile","12992A5B9D66BCF4C57CBF13164D1E445CEBDECD1903FC866130B23FFE317A2C"
"components\espressif__tinyusb\examples\device\video_capture_2ch\skip.txt","7713DAFB8FEE9B62ABFC82D0CD1AC77AACD5691CB10B1B033918C01B8620C394"
"components\espressif__tinyusb\examples\device\video_capture_2ch\src\CMakeLists.txt","E56A867C49395F9EB8877256D6EA1A193BD42A491783EA8ECCD47A73C4A2A3A7"
"components\espressif__tinyusb\examples\device\video_capture_2ch\src\images.h","B364DBD7C0FED18C03A3FABFDCE521C440836030829CF281C9A380908E563B0B"
"components\espressif__tinyusb\examples\device\video_capture_2ch\src\main.c","F7B04A014921A47E7183E301DAE3BE9A5C2754DEB67A91F812881CD7D37897C4"
"components\espressif__tinyusb\examples\device\video_capture_2ch\src\tusb_config.h","70C42F41B71EFCECD2F022B55E530D5A480D620CB0BC4E5AB84A93DC5B821547"
"components\espressif__tinyusb\examples\device\video_capture_2ch\src\usb_descriptors.c","0FE78E219E42DEFEEEE36E7F8BA7263FB24786D4DCD646D485B88CB92E78359E"
"components\espressif__tinyusb\examples\device\video_capture_2ch\src\usb_descriptors.h","4E2735C603EABC472D859D7B56F43A0FD9494656B311909DBA38F1ECD92E7A43"
"components\espressif__tinyusb\examples\device\webusb_serial\CMakeLists.txt","4DD9221E33F6D51D554AA41D14DDD33464405022F356A9371739E32EDEC29D08"
"components\espressif__tinyusb\examples\device\webusb_serial\Makefile","DBE05418762A77D25E7BAAD7DE3BB3967BC1250D32B41C0429AD614DF6A81393"
"components\espressif__tinyusb\examples\device\webusb_serial\src\main.c","802C43BE88FECC3B363A878E63EB41D5EEB338F1097E2E1E6C9B5620245EF19C"
"components\espressif__tinyusb\examples\device\webusb_serial\src\tusb_config.h","4B265E5BD20D530626278C34DD43F1EF923786735383B0D7DB2B24FAC98B781B"
"components\espressif__tinyusb\examples\device\webusb_serial\src\usb_descriptors.c","2D240E866C3A64F08B24C0E35A4CF40687DF56C81D60C09B4B2C38E837C8D860"
"components\espressif__tinyusb\examples\device\webusb_serial\src\usb_descriptors.h","9A229538594466D017B8E4D0543AA47225389F73E6E0682A70EA3791A47D7C9B"
"components\espressif__tinyusb\examples\dual\CMakeLists.txt","93AFD5A4632B0C58E1D09E00B6A092D2FE55E35D13DB09BC93F42EC73E583CAB"
"components\espressif__tinyusb\examples\dual\host_hid_to_device_cdc\CMakeLists.txt","9E33013E690944F3A53A2F14CAE685D8D75A97DAA2A88B2DA7CDC0B60BD6D59D"
"components\espressif__tinyusb\examples\dual\host_hid_to_device_cdc\Makefile","A8ACCFF50D9C503DB440129D89DD86DB27F80B427837A32498E5D6489E11D4EE"
"components\espressif__tinyusb\examples\dual\host_hid_to_device_cdc\only.txt","CC99DA229FA6BAAFD0DFCBBA51966F8FECCC0188B64EEE137BDB77F2118A613A"
"components\espressif__tinyusb\examples\dual\host_hid_to_device_cdc\src\main.c","A5DA8B8B2CC9C34CCEBD8582140E9EB1AA043878DE901221E1743AC0F62C4FA6"
"components\espressif__tinyusb\examples\dual\host_hid_to_device_cdc\src\tusb_config.h","2C759B96D6B077216734E2BFDEE9097432C996F6C55C63AD133DCAA28B1A65A4"
"components\espressif__tinyusb\examples\dual\host_hid_to_device_cdc\src\usb_descriptors.c","F43FD17CCFB48682F0194B6AE6E13D85F6A25C08E7A6B12CC587F2A05030684C"
"components\espressif__tinyusb\examples\dual\host_info_to_device_cdc\CMakeLists.txt","9E33013E690944F3A53A2F14CAE685D8D75A97DAA2A88B2DA7CDC0B60BD6D59D"
"components\espressif__tinyusb\examples\dual\host_info_to_device_cdc\Makefile","0C9C2B19867B682F7959FCFACC4EE5C06295E17AB21F8B24FA2F02DEB46353E3"
"components\espressif__tinyusb\examples\dual\host_info_to_device_cdc\only.txt","CC99DA229FA6BAAFD0DFCBBA51966F8FECCC0188B64EEE137BDB77F2118A613A"
"components\espressif__tinyusb\examples\dual\host_info_to_device_cdc\src\main.c","CC238FBF657F745670C160FAF44ADB4BF6C61C7BA0CE5B50714145A73BB00A8D"
"components\espressif__tinyusb\examples\dual\host_info_to_device_cdc\src\tusb_config.h","79F38EFC19DC9F2A968AC07B31B899FB04647DF2F4D35B3F71A612CF04ED7CCC"
"components\espressif__tinyusb\examples\dual\host_info_to_device_cdc\src\usb_descriptors.c","F43FD17CCFB48682F0194B6AE6E13D85F6A25C08E7A6B12CC587F2A05030684C"
"components\espressif__tinyusb\examples\host\CMakeLists.txt","ED0A69CCA4D0F8C5AAB10F4AF6C13C0361888EA2BF0E467A8B1017D5728EB032"
"components\espressif__tinyusb\examples\host\bare_api\CMakeLists.txt","F6971B8E7FBE4EBB0CCCF202E809F25207BAD876388DB904207754B4D4AF6624"
"components\espressif__tinyusb\examples\host\bare_api\Makefile","9A84982BF8A1AC62E74F0433E5CC4230218B0212A5C3F8BB02C8CF1184214D3F"
"components\espressif__tinyusb\examples\host\bare_api\only.txt","72E59149BC31E20910E47D089E46D02A0D63A3B014A1FB399E90FC926BE61537"
"components\espressif__tinyusb\examples\host\bare_api\src\main.c","1B54B0B1B39340F7B5E9EE239C36CC3E9DCB1006E01CE76250C5C92971CC33CA"
"components\espressif__tinyusb\examples\host\bare_api\src\tusb_config.h","408695AE753D2DE29429BB5766A310B65B34F89E80E8B5FBF40A293E44CC7286"
"components\espressif__tinyusb\examples\host\cdc_msc_hid\CMakeLists.txt","0A28DF5F2F99B5FD6D675A58A0B3DA4A8FA440628323DD8FA172AB0B7496CB16"
"components\espressif__tinyusb\examples\host\cdc_msc_hid\Makefile","67B67A426CE45A6089903EFFE61540FEA9200F050B3261CFE86BD47885F9B064"
"components\espressif__tinyusb\examples\host\cdc_msc_hid\only.txt","72E59149BC31E20910E47D089E46D02A0D63A3B014A1FB399E90FC926BE61537"
"components\espressif__tinyusb\examples\host\cdc_msc_hid\src\cdc_app.c","FD17CA89ADF39B40FA01479BA76B224A7828D364CC78A3A7421C89F88FEA34D0"
"components\espressif__tinyusb\examples\host\cdc_msc_hid\src\hid_app.c","F7DB85EE7DDF8AC9506C7652196265E0E99A5C32942DC1804DCC14A4ABFC7EC6"
"components\espressif__tinyusb\examples\host\cdc_msc_hid\src\main.c","A8391A26CBB83A2033154F7CD0C398DBFC22B324A99E3242F3D6C82E21A7CB9C"
"components\espressif__tinyusb\examples\host\cdc_msc_hid\src\msc_app.c","26E8AF6BBA1ED572E77FBF8BA4DA61F96E12F435E902BBF09EADF40C7E085027"
"components\espressif__tinyusb\examples\host\cdc_msc_hid\src\tusb_config.h","2F7641B8C9C993A35EB84E4A907CFE750EAFCF1743BCBD87D836F077C776EE10"
"components\espressif__tinyusb\examples\host\cdc_msc_hid_freertos\CMakeLists.txt","E8378B3C5B87E5EA871D86A3D513D5A3FE1DE90B4CD66A28ACE8E7FD5DF88A5C"
"components\espressif__tinyusb\examples\host\cdc_msc_hid_freertos\Makefile","5AF7AC64221DE72334A69D3326A25CA5EBAEE48CBF0246C11B7DDE5BFB3AC38E"
"components\espressif__tinyusb\examples\host\cdc_msc_hid_freertos\only.txt","335FCB1E17C5FE1B046E32ADBECFED039C2F2C8609F9CD71E9F4CFAE83926658"
"components\espressif__tinyusb\examples\host\cdc_msc_hid_freertos\skip.txt","DCC103638E2EE1DBA0457815D6A7E3F32F3B22E127A4EC9E7845CC8A9D519111"
"components\espressif__tinyusb\examples\host\cdc_msc_hid_freertos\src\cdc_app.c","590A6BF0059832086BC1E713FF6E0D080F8398098F7A1D3996B86DEC01160B57"
"components\espressif__tinyusb\examples\host\cdc_msc_hid_freertos\src\CMakeLists.txt","9564B0EF419C382E3E28219A3491477C60A4C498B4AAB7CB1DC83D1908E242AA"
"components\espressif__tinyusb\examples\host\cdc_msc_hid_freertos\src\hid_app.c","3DEB5E710795D6B4CE5300CD823B981002F4B69ACAAE7373A975146CC6374F32"
"components\espressif__tinyusb\examples\host\cdc_msc_hid_freertos\src\main.c","80C0B03A255C5445127F809BD9A2471F9956C85A3A5A6794BEB3C23A1A654384"
"components\espressif__tinyusb\examples\host\cdc_msc_hid_freertos\src\msc_app.c","D1766FE8BEC4DD0EBDC295CC9703DCD17987FA829528EA84E6A4D881379A023D"
"components\espressif__tinyusb\examples\host\cdc_msc_hid_freertos\src\tusb_config.h","29D6C5640444D51249B9B607AAF44EE025ACA3E9AB366D1A87EFDFB07CD84635"
"components\espressif__tinyusb\examples\host\cdc_msc_hid_freertos\src\FreeRTOSConfig\FreeRTOSConfig.h","46BEBB771F60E25D8756AC53FA654B1274AE17FD92DE175903BA5F06E86BC952"
"components\espressif__tinyusb\examples\host\device_info\CMakeLists.txt","08B9A39E8482CCB78A0E8CA2E8A846698C85BDD66781C073FBDC53489EEC1733"
"components\espressif__tinyusb\examples\host\device_info\Makefile","9A84982BF8A1AC62E74F0433E5CC4230218B0212A5C3F8BB02C8CF1184214D3F"
"components\espressif__tinyusb\examples\host\device_info\only.txt","5DFEF851E2B2ECF433885D6239D3A4F5B49C41992C9414E633B66A240C9F42F5"
"components\espressif__tinyusb\examples\host\device_info\src\CMakeLists.txt","03387713BCE35B9309720DF568A452D4EE978BEFD5790D8F54A3DCB1E852F7C1"
"components\espressif__tinyusb\examples\host\device_info\src\main.c","8CEFBA75AC384E95E156CAB62DB4DAAC453DFBEE897049B8866223C19027CF7B"
"components\espressif__tinyusb\examples\host\device_info\src\tusb_config.h","2B216FF409D2642A35F1AFC48F64AF0935220EC151BF211DBB88C38FAF0B9885"
"components\espressif__tinyusb\examples\host\hid_controller\CMakeLists.txt","DB65CC9BF571EC6BE151B5629939E0947F34570AA03681360EBD83A90B130F9F"
"components\espressif__tinyusb\examples\host\hid_controller\Makefile","B91CF64F098D992260553C53817E9008C2BB20CD5D1D395F100D79C9544F3CBF"
"components\espressif__tinyusb\examples\host\hid_controller\only.txt","72E59149BC31E20910E47D089E46D02A0D63A3B014A1FB399E90FC926BE61537"
"components\espressif__tinyusb\examples\host\hid_controller\src\hid_app.c","F6779D6C15810B387F282B416D0B575432D2316C6852EA571ABD6B0861A18CC9"
"components\espressif__tinyusb\examples\host\hid_controller\src\main.c","99F4CD94DDB56EDAAC9C4F2A098BEBE86979E01E7D55FAA0C8C6D12BA52FE849"
"components\espressif__tinyusb\examples\host\hid_controller\src\tusb_config.h","1CB7E64CA6C92B901DC803A8F162ACCD4DDD5D29577AC50CF4FE8A5D0046A962"
"components\espressif__tinyusb\examples\host\msc_file_explorer\CMakeLists.txt","6C08C864B5FE2461FC5F0A33A5E23D43086BC2F534D6B1FE964FF6D2279974E9"
"components\espressif__tinyusb\examples\host\msc_file_explorer\Makefile","151C6123051BA4A579591DC99288858632A60BA0BCA00F94D9A7118EA5B26901"
"components\espressif__tinyusb\examples\host\msc_file_explorer\only.txt","72E59149BC31E20910E47D089E46D02A0D63A3B014A1FB399E90FC926BE61537"
"components\espressif__tinyusb\examples\host\msc_file_explorer\src\main.c","DEEBD8967F9BB55E3E770CA66748626605E568FC766800ED502224FE2C5316A1"
"components\espressif__tinyusb\examples\host\msc_file_explorer\src\msc_app.c","B3016969D3600062D1D3A9F9A25144BDC27B8AD3C51D058EED3F5F67738DE055"
"components\espressif__tinyusb\examples\host\msc_file_explorer\src\tusb_config.h","7BFE7B0AD38364F8E870C30E2315729A777D83ABD11790066F753EA3F75EF072"
"components\espressif__tinyusb\examples\typec\CMakeLists.txt","C218066A6F29ADE9048D537AB216F1726F99242A37BC9AED184F223DF1193F95"
"components\espressif__tinyusb\examples\typec\power_delivery\CMakeLists.txt","37954A707DF3DA8420D43448C34C91B965C32EBEF801435A080084CB8417224E"
"components\espressif__tinyusb\examples\typec\power_delivery\Makefile","DBE05418762A77D25E7BAAD7DE3BB3967BC1250D32B41C0429AD614DF6A81393"
"components\espressif__tinyusb\examples\typec\power_delivery\only.txt","95E2651D16A6ABBD5A22B7B27D1F9D2B1B326783E99841067D25355890D77065"
"components\espressif__tinyusb\examples\typec\power_delivery\src\main.c","82F85D0071BDDBA74897BFC92A413F3EF35D94036B9F892906B58644E195BA82"
"components\espressif__tinyusb\examples\typec\power_delivery\src\tusb_config.h","3D1B3FF2ACF73CEE86ADB178F77B3F02037108F4A4D105439D51BA0284C8340D"
"components\espressif__tinyusb\hw\bsp\ansi_escape.h","70033AFE8555583EE6968C154C7101CFA60530A03B8D37ACD36B7E3CF3A3E31C"
"components\espressif__tinyusb\hw\bsp\board.c","6779F60183A7B6D28E9157B7E8D473A6061B30DEDD27AEB85CF86389ACEB2B7A"
"components\espressif__tinyusb\hw\bsp\board_api.h","E81A7848E7694A54986A971B5C2B4FB7A5200179D1AF726E666122C89D45179C"
"components\espressif__tinyusb\hw\bsp\board_mcu.h","A5596EDF9874FF5058EE12FE5017E8A4BAA6DC659F2F28E24518EBB2F08339BC"
"components\espressif__tinyusb\hw\bsp\family_support.cmake","58912D7DF4A326049D554943C0BFAE4BE4DE708D486D371C5400E55D1571C5FE"
"components\espressif__tinyusb\hw\bsp\broadcom_32bit\family.c","F1E1100228C487DC7733355CB0A9314D4C74C63E701B9E579B022D3098F61E0B"
"components\espressif__tinyusb\hw\bsp\broadcom_32bit\family.cmake","399F850BED7444DD543033D9DEE3F8D8B609F2209A001CD8DE34076D3AE3B0AD"
"components\espressif__tinyusb\hw\bsp\broadcom_32bit\family.mk","00FC85E8419769871BF20CF78B88A775EB20C57571C880F64E16F3D9D46A7A22"
"components\espressif__tinyusb\hw\bsp\broadcom_32bit\boards\raspberrypi_zero\board.cmake","8587EAED9FE9009EBB9911E36244E850413C7164D48CE060F3F9166AB5EE7777"
"components\espressif__tinyusb\hw\bsp\broadcom_32bit\boards\raspberrypi_zero\board.h","5E58EAE505083F230B8AC2149E92239247A76BB8DD181CE5CF5687D46FE309B5"
"components\espressif__tinyusb\hw\bsp\broadcom_32bit\boards\raspberrypi_zero\board.mk","5756179523E908523098F3FCF91015E232CC3956E6696715C426EA24764D1CD1"
"components\espressif__tinyusb\hw\bsp\broadcom_64bit\family.c","F1E1100228C487DC7733355CB0A9314D4C74C63E701B9E579B022D3098F61E0B"
"components\espressif__tinyusb\hw\bsp\broadcom_64bit\family.cmake","C55C2A9468AEF4740334452588779A8313F9FD56CBE39AE69FAFC1B1D1683EF2"
"components\espressif__tinyusb\hw\bsp\broadcom_64bit\family.mk","356C1A7D56FB70366BF14C5239B199F5119ED3D7DB0A60A4B5FBC7CE1DDDD3B7"
"components\espressif__tinyusb\hw\bsp\broadcom_64bit\boards\raspberrypi_cm4\board.cmake","773D6A7A08F8C09265D1CAFD1F9D156FF65AC5BCE75D9B16640CDE743855EFD7"
"components\espressif__tinyusb\hw\bsp\broadcom_64bit\boards\raspberrypi_cm4\board.h","9D5F77B8B92D7EE9CFCFE0DA1C5F95F4D4246CF5376917B267D7C391E94770C7"
"components\espressif__tinyusb\hw\bsp\broadcom_64bit\boards\raspberrypi_cm4\board.mk","48CED71D6BC1238BF646ADD12F4B6FDC8742858C09FD930E85EA818533E363BB"
"components\espressif__tinyusb\hw\bsp\broadcom_64bit\boards\raspberrypi_zero2\board.cmake","2E542A24B9C6A5D300188713FAC1AA0FCFBF65110B34949AA846AFCE75E5F27B"
"components\espressif__tinyusb\hw\bsp\broadcom_64bit\boards\raspberrypi_zero2\board.h","9A9801065E0C8769FCEBC32E3235753717FA7C161D77C0C986DACFB40950C5AD"
"components\espressif__tinyusb\hw\bsp\broadcom_64bit\boards\raspberrypi_zero2\board.mk","723CE0D37D931C74D56C78562989F22939BF9EF729E9CC57A42C00CDB641F8AB"
"components\espressif__tinyusb\hw\bsp\brtmm90x\family.c","BC42225B0C5F20A56EC83CDE89F7DCA51D6FC52960C8A53428430ADD59D383E6"
"components\espressif__tinyusb\hw\bsp\brtmm90x\family.mk","D5A8A3D4D11590CFEF8822C1D56EC92383D47DCAD27C56D41C793B63494E7A98"
"components\espressif__tinyusb\hw\bsp\brtmm90x\boards\mm900evxb\board.h","06CEFAE8585902D4A3DD3FFEADC53D001A591584155286B27A5C3E0FADE9BA22"
"components\espressif__tinyusb\hw\bsp\ch32f20x\ch32f205.ld","B29B7192AA63394618E2515CB7DA69FA9BD3D296DCC92B98A8EDE8B0F938CACA"
"components\espressif__tinyusb\hw\bsp\ch32f20x\ch32f20x_conf.h","3A85EB1DEE89B65DD72C125D2247F97CC2A65883BC943603D1C8D1DD7CEDE8FC"
"components\espressif__tinyusb\hw\bsp\ch32f20x\ch32f20x_it.c","DA65DA90C499002C53EC284856A80D4A55471FF38D184775D6BCD628BBC68899"
"components\espressif__tinyusb\hw\bsp\ch32f20x\ch32f20x_it.h","D4735390FB1A0922FF87326BCAD3434193D1FDC1F6A9114945ED0446F42F6F3E"
"components\espressif__tinyusb\hw\bsp\ch32f20x\core_cm3.h","B8B5BB4BAE5337F4504B37EC4E4DBB8B96FB882F0F77D63E78B28160CA7ABC7D"
"components\espressif__tinyusb\hw\bsp\ch32f20x\debug_uart.c","192FFEE1A71D43F9F7A6C0A4DA356E025E98E22BDCC4C608D434F2258877C5AE"
"components\espressif__tinyusb\hw\bsp\ch32f20x\debug_uart.h","286E71AE09A5F2D981CC19106A379B8B0F60FA2BC69298530DEB3C77E83E08D4"
"components\espressif__tinyusb\hw\bsp\ch32f20x\family.c","1B34055D026633A15C9B4E28CCE116B30A1073FFA68B290A85AA022FD9867B27"
"components\espressif__tinyusb\hw\bsp\ch32f20x\family.mk","C7B98D88783BE2DF637B1FA4A682F652CBBA1A037E2B22FCC7E22D0A55BEC916"
"components\espressif__tinyusb\hw\bsp\ch32f20x\startup_gcc_ch32f20x_d8c.s","854C700BA4FE86BA42E9799A60E69ECDB0BD877636576FB97972F8AC2E40822C"
"components\espressif__tinyusb\hw\bsp\ch32f20x\system_ch32f20x.c","7A32A0C5ECAEF5960202970AE5368951B366C22502259CCC8612E4C4DE3D01FD"
"components\espressif__tinyusb\hw\bsp\ch32f20x\system_ch32f20x.h","D649FD480C359535320F2E68FD6DF4C03630275E72172C76AB0C9869BAE08546"
"components\espressif__tinyusb\hw\bsp\ch32f20x\boards\ch32f205r-r0\board.h","D3DAB35D4C8B3048DFADCBB1B744634958187282CD391F58D2043D6F8EC8B571"
"components\espressif__tinyusb\hw\bsp\ch32f20x\boards\ch32f205r-r0\board.mk","77A5B0D78AC8D59B248DCD0BCBAF617F394AF72174F58BB266AEE87EBC1ED6D3"
"components\espressif__tinyusb\hw\bsp\ch32v10x\ch32v10x_conf.h","85B7ACBF4A7D9354CA320EB036CD3606BDF5A71AD7891F91A36CCC184D3091A8"
"components\espressif__tinyusb\hw\bsp\ch32v10x\ch32v10x_it.h","2FCF05F31D4130C7C2A5D19224081E1D05E044701DE9BD703B23687A3097D9D3"
"components\espressif__tinyusb\hw\bsp\ch32v10x\family.c","174F1C87440D709E370A6E23A8E8D9F1E95A2CA21266DB79538B68969A628372"
"components\espressif__tinyusb\hw\bsp\ch32v10x\family.cmake","0BA1E2C3FF236446C6E4F82B0529662CF9498552E9A2CEA237F82B6F783EFE3F"
"components\espressif__tinyusb\hw\bsp\ch32v10x\family.mk","89A5770A7B8B5986957EEEBEFF4AB196EDE3B21F2E256FF2DC702BBDD47E3DF1"
"components\espressif__tinyusb\hw\bsp\ch32v10x\system_ch32v10x.c","9FCFD70F329C76079B2E30C48BA69A02D27E4C59B429950FADAD2E43FF7B34E0"
"components\espressif__tinyusb\hw\bsp\ch32v10x\system_ch32v10x.h","857E53606BBE4CFD29393DCDF4CB1FE3AE1FB0A0676313EB847DA0D4693E9785"
"components\espressif__tinyusb\hw\bsp\ch32v10x\wch-riscv.cfg","AAC57312D7DAFE95089C5CA743C551AC84BFFDBF446F2CC49B71AA13AA502A5E"
"components\espressif__tinyusb\hw\bsp\ch32v10x\boards\ch32v103r_r1_1v0\board.cmake","F23FF7FB63FF6A5D18D0653322F1CB0D0A7397166CDE9E89FA5381A3D3676E1E"
"components\espressif__tinyusb\hw\bsp\ch32v10x\boards\ch32v103r_r1_1v0\board.h","BDF5E53BCBEC72FDD3632230364D1E1275E29D09EF38BCED6B6481C2CC945608"
"components\espressif__tinyusb\hw\bsp\ch32v10x\boards\ch32v103r_r1_1v0\board.mk","D6CBDC232E64735E3FD941F1EF792F0D7826A5855EB907145E55209D76B0BF03"
"components\espressif__tinyusb\hw\bsp\ch32v10x\linker\ch32v10x.ld","0CBA10B31BCF6AB6834C2C79B09DFB93670AA99024EE2EB992DD6F49F8AA24D3"
"components\espressif__tinyusb\hw\bsp\ch32v20x\ch32v20x_conf.h","87930347E9028DBB06E5495662241929D374F2BE20329F551A2B362214DAB332"
"components\espressif__tinyusb\hw\bsp\ch32v20x\ch32v20x_it.h","7EAFF7DA4E4D8A3845F8CABAA61A7AC44B28340DD0E86FE36CFF3033A97F9C34"
"components\espressif__tinyusb\hw\bsp\ch32v20x\family.c","900BF9820388B2B7A7923F9CC9DDEFA8E24F2C48CC638626E2DC80D8B716DC6E"
"components\espressif__tinyusb\hw\bsp\ch32v20x\family.cmake","3E6210F331F8B1598CE4F0616FF3E0C256445F8D6942FFA836E131211F7D49D9"
"components\espressif__tinyusb\hw\bsp\ch32v20x\family.mk","CFB5C459B4E62E974FEF61BF9A2A11872BB784CAA0BC033BB0456A988E9A4BB8"
"components\espressif__tinyusb\hw\bsp\ch32v20x\system_ch32v20x.c","5DC33B78D62CBCF0EB9C4EDAE2451CE96AB0B65FAB4D1FB494E14455546B2C98"
"components\espressif__tinyusb\hw\bsp\ch32v20x\system_ch32v20x.h","F116EDAC8C02D24198610B0A44F6D94294800ABBD0EBBE0CC68A69B5B5E215D2"
"components\espressif__tinyusb\hw\bsp\ch32v20x\wch-riscv.cfg","AAC57312D7DAFE95089C5CA743C551AC84BFFDBF446F2CC49B71AA13AA502A5E"
"components\espressif__tinyusb\hw\bsp\ch32v20x\boards\ch32v203c_r0_1v0\board.cmake","AB98BEEF1576708D5E81C2414C10EF5B884F1805154DED1065507BA6227E2B84"
"components\espressif__tinyusb\hw\bsp\ch32v20x\boards\ch32v203c_r0_1v0\board.h","9BA0ED92F5AF7754F8BBA884F5FD0BF842E6D41B59FB3FCDD29C6AA9247599EF"
"components\espressif__tinyusb\hw\bsp\ch32v20x\boards\ch32v203c_r0_1v0\board.mk","0130339045FBA6630E9528309CFFB16B6899DF93D18EA945536878D15C541F11"
"components\espressif__tinyusb\hw\bsp\ch32v20x\boards\ch32v203g_r0_1v0\board.cmake","B66A642208542D0353FE1EDEDD3EE7D1D246923F310DDF832C2B854F950E4E2A"
"components\espressif__tinyusb\hw\bsp\ch32v20x\boards\ch32v203g_r0_1v0\board.h","273EAEB9CB4C518AB2D20393C1A3C32CDCA81AEB43C2ECC032BA2DBA4CB86668"
"components\espressif__tinyusb\hw\bsp\ch32v20x\boards\ch32v203g_r0_1v0\board.mk","5D8D14253EABBC75D7DBABF352679DEA6DE725443CBED4917485F16B796221AD"
"components\espressif__tinyusb\hw\bsp\ch32v20x\boards\nanoch32v203\board.cmake","F1639507604301C0BC4005082F5520B7869F781051F0357E21F22B16E8D233CA"
"components\espressif__tinyusb\hw\bsp\ch32v20x\boards\nanoch32v203\board.h","13B905245DCAE883173FEC18DA3DACD41786BCA1CB9119CF2AE8558BBF25FF9C"
"components\espressif__tinyusb\hw\bsp\ch32v20x\boards\nanoch32v203\board.mk","361C951DB1351E94685ACA4C8A7917817AA30F34AC36C9E68D180B324B071982"
"components\espressif__tinyusb\hw\bsp\ch32v20x\linker\ch32v20x.ld","F34354BDB04F680F60B18064FBD260C50918FEDA4B9C659E98B7C71043539A3D"
"components\espressif__tinyusb\hw\bsp\ch32v307\ch32v307.ld","3D2FDE152257A76E314E4EC2F66EEEBA752F5AA82E5E82D6913C35DD5A02E7FA"
"components\espressif__tinyusb\hw\bsp\ch32v307\ch32v30x_conf.h","AE008C917C4CFBD06A8B8782D677207FEEDD6B6A21D9FEFC3F1B1BDCDB24ECD2"
"components\espressif__tinyusb\hw\bsp\ch32v307\ch32v30x_it.c","99B8C8F3C029121922E65E38F640E1BB7AC77AA2C6D116E462808EB3475399E8"
"components\espressif__tinyusb\hw\bsp\ch32v307\ch32v30x_it.h","FBC60361A863951A9AE19ACBD1A866C014F827DFC185214BB85CDEEF49FF0924"
"components\espressif__tinyusb\hw\bsp\ch32v307\debug_uart.c","B3F71AEB1125B4253C6886BE3C57E256DAD33C0302F1099ECDBFED87C88F02FF"
"components\espressif__tinyusb\hw\bsp\ch32v307\debug_uart.h","82A7FF73CC65AE74A5EEE94643D46C9419EEBFA6742C0336854D38E0A2C72D45"
"components\espressif__tinyusb\hw\bsp\ch32v307\family.c","EE092946AC413559CBADCB7DAE54E94835FDA5035D7CBE410404A05843E063F8"
"components\espressif__tinyusb\hw\bsp\ch32v307\family.cmake","0780E74041A1E1E70C2F7E729F31D620DFF04AC57A3B5F2AD7CAC0FEF287C8A0"
"components\espressif__tinyusb\hw\bsp\ch32v307\family.mk","C071B6AFD745AE0A397F5719CC504F67998C9EB2B687CBF984EEB6FE1799E3E9"
"components\espressif__tinyusb\hw\bsp\ch32v307\system_ch32v30x.c","AEE9FF0A1E32BFADC792825A8C434BAE697080E639473ABB18A2A71C81AA7ED5"
"components\espressif__tinyusb\hw\bsp\ch32v307\system_ch32v30x.h","E32E0B90813C2DE865546AA662A6777DA08E7B4A9873603DD47066514A4DB7E0"
"components\espressif__tinyusb\hw\bsp\ch32v307\wch-riscv.cfg","AAC57312D7DAFE95089C5CA743C551AC84BFFDBF446F2CC49B71AA13AA502A5E"
"components\espressif__tinyusb\hw\bsp\ch32v307\boards\ch32v307v_r1_1v0\board.cmake","BE15A851485930CD8D31095DBF6D9F51262F73F4BED6B123CB581D1BCD554B2A"
"components\espressif__tinyusb\hw\bsp\ch32v307\boards\ch32v307v_r1_1v0\board.h","2701DDDDB9466959EE43396DCF0AD78942A28CFA9FB52A7584B38865D84CD3D5"
"components\espressif__tinyusb\hw\bsp\ch32v307\boards\ch32v307v_r1_1v0\board.mk","E83B6675A02F6DBAF541A1D119D4F744C831A669F15C19CF13897B040C6072A5"
"components\espressif__tinyusb\hw\bsp\da1469x\family.c","F6D798B08B5D73F9C29D1E06633B80DC10E4A9C34C4F97DAB61274B82E80D58E"
"components\espressif__tinyusb\hw\bsp\da1469x\family.cmake","E37E10098C890B80A8A84B9696F1FD4B7BC8F69CCE443995C54580A1F33D1366"
"components\espressif__tinyusb\hw\bsp\da1469x\family.mk","076C20001ECD9A1531418DF0FC82324B8349938AB4B22570BEA2D32BE9BC9C05"
"components\espressif__tinyusb\hw\bsp\da1469x\gcc_startup_da1469x.S","B5BE0068D39AF67716907BAE36D9A37ACB50D681D67636BAB6339DA253DF776F"
"components\espressif__tinyusb\hw\bsp\da1469x\product_header.dump","A4957C8F9F1F1E1391CA1280DC1D584E4803EA943C4D9BA6BEF951BC37F987B9"
"components\espressif__tinyusb\hw\bsp\da1469x\boards\da14695_dk_usb\board.cmake","1488A38C2096F18817E84E86756EF550BC9CF13BAC14D921AF14F7112E805BB0"
"components\espressif__tinyusb\hw\bsp\da1469x\boards\da14695_dk_usb\board.h","A8FC9921F9957431414D33ADA83D651274691A0991CF5AEA94FE82D067F03A96"
"components\espressif__tinyusb\hw\bsp\da1469x\boards\da14695_dk_usb\board.mk","AA0B2E5E1127ECEABA9C73A737B91B1E0CB61D50B244C3B00CAC2C51658AD4D8"
"components\espressif__tinyusb\hw\bsp\da1469x\boards\da14695_dk_usb\syscfg\syscfg.h","0E538DFBF6007C77E0BC50FB7862B8E154ABB69937570F5EF66224D5BEF5AB65"
"components\espressif__tinyusb\hw\bsp\da1469x\boards\da1469x_dk_pro\board.cmake","D5BE068D8DFC96888B1385F9BFAC2BFA2D95E371D08E9126DE062915D1CE3A3D"
"components\espressif__tinyusb\hw\bsp\da1469x\boards\da1469x_dk_pro\board.h","8EFCA8914F4CEFEA19552A89147AD0214FEABB9255FC9287C547FB69BBAFDE21"
"components\espressif__tinyusb\hw\bsp\da1469x\boards\da1469x_dk_pro\board.mk","D8BBEC68918B30A3653D2FFC0B834691B138FD32C0EFED52A8B49150010A2F01"
"components\espressif__tinyusb\hw\bsp\da1469x\boards\da1469x_dk_pro\syscfg\syscfg.h","0E538DFBF6007C77E0BC50FB7862B8E154ABB69937570F5EF66224D5BEF5AB65"
"components\espressif__tinyusb\hw\bsp\da1469x\FreeRTOSConfig\FreeRTOSConfig.h","7E0AE393D06E46D07903E9C51CCC0F600EFC02DEFA9393CAE415C4EBD1971932"
"components\espressif__tinyusb\hw\bsp\da1469x\linker\da1469x.ld","C3E465D6CF9E0264DCC89BF456C2CC0A40956819E203812F481CA41B590B6295"
"components\espressif__tinyusb\hw\bsp\espressif\family.cmake","D6E49F3A7D803AE884AB0FD534D93512CE68EEE7A69ECB9A7FD0219590967533"
"components\espressif__tinyusb\hw\bsp\espressif\family.mk","BCC885BAEE632BD971E52983A327A9AC11069DF8435994526682B3776A897039"
"components\espressif__tinyusb\hw\bsp\espressif\boards\CMakeLists.txt","D1F8A262A9E3C1752F214F3C87E48D5B004FA91D71B02F0B82CAF66AD56B9918"
"components\espressif__tinyusb\hw\bsp\espressif\boards\family.c","6FB9C692E48FA7C5837F1279814B63BE1FF6266C7D6E7CCADDC1EB5FD536CD30"
"components\espressif__tinyusb\hw\bsp\espressif\boards\adafruit_feather_esp32s2\board.cmake","D094BBB177EC058116BF67F31D22D33A662EE4F631407EF9A91087A01E468698"
"components\espressif__tinyusb\hw\bsp\espressif\boards\adafruit_feather_esp32s2\board.h","ED30307A2C01DBBB2E7701EB5E44BCD64A6EDA3E2836833F4064CFC9EDCBC8EB"
"components\espressif__tinyusb\hw\bsp\espressif\boards\adafruit_feather_esp32s3\board.cmake","37E19C567D96C49693D526C0C4F3FFB367EFBD106BFD24402AA34937ACC0899E"
"components\espressif__tinyusb\hw\bsp\espressif\boards\adafruit_feather_esp32s3\board.h","C3C7A272ED63E8A837362249E06BDCF66136963BCDA83E4CF32FAE642430435F"
"components\espressif__tinyusb\hw\bsp\espressif\boards\adafruit_feather_esp32_v2\board.cmake","746EE0BE46AB88EADE6B93E02D1782242271E265A8C87119BE4A177992B0757E"
"components\espressif__tinyusb\hw\bsp\espressif\boards\adafruit_feather_esp32_v2\board.h","9F9C0606EA8EDEF1674EB99DCAA7E59052ACDE93F99AD5E05ED552813D325BB9"
"components\espressif__tinyusb\hw\bsp\espressif\boards\adafruit_magtag_29gray\board.cmake","487217713807B4432CFE09657CF61E5A799091AA649B5A23EC28118B14BAA041"
"components\espressif__tinyusb\hw\bsp\espressif\boards\adafruit_magtag_29gray\board.h","9C666013CE24958BEEBC50D98DB9576928030DD721298A3A02B999AE6D0D6CB0"
"components\espressif__tinyusb\hw\bsp\espressif\boards\adafruit_metro_esp32s2\board.cmake","D094BBB177EC058116BF67F31D22D33A662EE4F631407EF9A91087A01E468698"
"components\espressif__tinyusb\hw\bsp\espressif\boards\adafruit_metro_esp32s2\board.h","3A0DC2F1C8376A12C72F61984013F497BEB8F295D25196B6CA95E4A6BAA1D56E"
"components\espressif__tinyusb\hw\bsp\espressif\boards\espressif_addax_1\board.cmake","98EEC0A10B96A33268D8B125EF2E063D8515F004965EC65552FDEED579C34D22"
"components\espressif__tinyusb\hw\bsp\espressif\boards\espressif_addax_1\board.h","BDBD86F6D2DBC40F6F7218297F504010FA1458911DECD6398D791428149EA48F"
"components\espressif__tinyusb\hw\bsp\espressif\boards\espressif_c3_devkitc\board.cmake","963A382BED3E60B992804204B12E834EEA76968046E1C4B64883FEE076F40D6A"
"components\espressif__tinyusb\hw\bsp\espressif\boards\espressif_c3_devkitc\board.h","0ECA86A6009CE5B44769451BD188271A1B193F5DE23FC5192EA1B961BB67C567"
"components\espressif__tinyusb\hw\bsp\espressif\boards\espressif_c6_devkitc\board.cmake","A211D09C8F04B9268BF91E5A52BB96BBD15806A48683F7E6CE6FE9F406D34D6A"
"components\espressif__tinyusb\hw\bsp\espressif\boards\espressif_c6_devkitc\board.h","037B2E0B3B7E7DD20D2057CAF6433AD3589CFD24059165EB77EC5752DE8DFD75"
"components\espressif__tinyusb\hw\bsp\espressif\boards\espressif_kaluga_1\board.cmake","487217713807B4432CFE09657CF61E5A799091AA649B5A23EC28118B14BAA041"
"components\espressif__tinyusb\hw\bsp\espressif\boards\espressif_kaluga_1\board.h","DD4D3C822512E8A9CE30A68C75F83D8B0A8E10F82D17C11ACB145410440A116F"
"components\espressif__tinyusb\hw\bsp\espressif\boards\espressif_p4_function_ev\board.cmake","C9F0719E59BC6A1AC6E82FDA93C06612DD97CAE54BC7C2891B09E367D76C190F"
"components\espressif__tinyusb\hw\bsp\espressif\boards\espressif_p4_function_ev\board.h","EA5237CA7A0CA3A84BF8A4FBE029A2BDA9AA1215E2967F9AACA6C95BE5CB3B29"
"components\espressif__tinyusb\hw\bsp\espressif\boards\espressif_s2_devkitc\board.cmake","487217713807B4432CFE09657CF61E5A799091AA649B5A23EC28118B14BAA041"
"components\espressif__tinyusb\hw\bsp\espressif\boards\espressif_s2_devkitc\board.h","371B406E7A1D7434A4DB541DB82A9E545AC00D8F058A896AF358274A30EEF9CE"
"components\espressif__tinyusb\hw\bsp\espressif\boards\espressif_s3_devkitc\board.cmake","98EEC0A10B96A33268D8B125EF2E063D8515F004965EC65552FDEED579C34D22"
"components\espressif__tinyusb\hw\bsp\espressif\boards\espressif_s3_devkitc\board.h","22A4AC6AB0D8DDB5D6243977D0CD5A9AF4F1237B3FCD624022980A93F40E5AA4"
"components\espressif__tinyusb\hw\bsp\espressif\boards\espressif_s3_devkitm\board.cmake","98EEC0A10B96A33268D8B125EF2E063D8515F004965EC65552FDEED579C34D22"
"components\espressif__tinyusb\hw\bsp\espressif\boards\espressif_s3_devkitm\board.h","8BDD5D5F3208E9FBBA9BF070DA2798F22344B382294BE099DB27C61845BD9C62"
"components\espressif__tinyusb\hw\bsp\espressif\boards\espressif_saola_1\board.cmake","487217713807B4432CFE09657CF61E5A799091AA649B5A23EC28118B14BAA041"
"components\espressif__tinyusb\hw\bsp\espressif\boards\espressif_saola_1\board.h","72802C259BC9DEE5573690AC21D94B33EEA7A19F4BE6DA125D09F8BACD00B3F8"
"components\espressif__tinyusb\hw\bsp\espressif\components\led_strip\api.md","8ED43E4100D9316CEC68A66BB2A11AA543F65ADBCE707D118CB6BBFD14690F6B"
"components\espressif__tinyusb\hw\bsp\espressif\components\led_strip\CHANGELOG.md","A445ED24AE69B785799EDC4C222147D4F5B09A66FFB4ACD5AD82543F21651823"
"components\espressif__tinyusb\hw\bsp\espressif\components\led_strip\CMakeLists.txt","F634CFD02B13912FADE13334F3CF57FE674DC7B3E6C39144A14DB3F79A2F548A"
"components\espressif__tinyusb\hw\bsp\espressif\components\led_strip\idf_component.yml","FFA83B6FF4759CF5AC7D14FD07A87DCB9D81062DF555F469443959BECA7ACA07"
"components\espressif__tinyusb\hw\bsp\espressif\components\led_strip\LICENSE","CFC7749B96F63BD31C3C42B5C471BF756814053E847C10F3EB003417BC523D30"
"components\espressif__tinyusb\hw\bsp\espressif\components\led_strip\README.md","E574B01CBA1E01A1E04CC2767C919AEC15813C6D5C6E9A6F4919673374E37A7B"
"components\espressif__tinyusb\hw\bsp\espressif\components\led_strip\examples\led_strip_rmt_ws2812\CMakeLists.txt","81EF010006DDDC71A11F8475404E4010CC65624906EEC2BF42ABD1B4DFE45BFA"
"components\espressif__tinyusb\hw\bsp\espressif\components\led_strip\examples\led_strip_rmt_ws2812\README.md","A5F39B31C5F7CBF548EE31B61AB22E430A6C823404C0DDB113703512BCB3AD3C"
"components\espressif__tinyusb\hw\bsp\espressif\components\led_strip\examples\led_strip_rmt_ws2812\main\CMakeLists.txt","8960B68811805D3AA40E1A7F44DDF7400C0D0731829B6D2B3B1584D8DCD3B392"
"components\espressif__tinyusb\hw\bsp\espressif\components\led_strip\examples\led_strip_rmt_ws2812\main\idf_component.yml","05A57E3D6808BAC9E1A2F41CBCFA26D90B5A3427D518B619A1FF4946E62D791D"
"components\espressif__tinyusb\hw\bsp\espressif\components\led_strip\examples\led_strip_rmt_ws2812\main\led_strip_rmt_ws2812_main.c","BB54D18BBA403CB9E3CBA59F25877EDF867162C13CEEF8961E3D55DF6A812FF6"
"components\espressif__tinyusb\hw\bsp\espressif\components\led_strip\include\led_strip.h","7A878A23D48F368C6D105B79D0C60D10032712DD2A58FF31CE04CA551005F6B9"
"components\espressif__tinyusb\hw\bsp\espressif\components\led_strip\include\led_strip_rmt.h","D3D6F0880F7443C21B48C1715E524282688CE9743085B4D7358322F6714B82D2"
"components\espressif__tinyusb\hw\bsp\espressif\components\led_strip\include\led_strip_spi.h","D79F3A803834FF28930A32380A48AFE0977DE167D31D673589E98C2A3CF66E5F"
"components\espressif__tinyusb\hw\bsp\espressif\components\led_strip\include\led_strip_types.h","13FB81ED62BCAA6D8686C5B095C45ADEDE526BCBA3980AD0F9341C38B4BEDC96"
"components\espressif__tinyusb\hw\bsp\espressif\components\led_strip\interface\led_strip_interface.h","5B7D0C326D0D0D9748830D4AEC46D765400E1446055D4A1197C83111E937D74C"
"components\espressif__tinyusb\hw\bsp\espressif\components\led_strip\src\led_strip_api.c","2A8BE1284ED6B2AD000907BCA3829F71A499AA0D06D47F078D6306392DCC4F4C"
"components\espressif__tinyusb\hw\bsp\espressif\components\led_strip\src\led_strip_rmt_dev.c","3A41DF64F2582F3ABEDD4BDDF3111A6BBA4A1F886D58DD8391AC2B903EA82E9F"
"components\espressif__tinyusb\hw\bsp\espressif\components\led_strip\src\led_strip_rmt_dev_idf4.c","81B4A239B554F1ED3326B5380490316A9602BC606A00691A5F325ADCBDF2145C"
"components\espressif__tinyusb\hw\bsp\espressif\components\led_strip\src\led_strip_rmt_encoder.c","B1A36CAAB2D82CD3A1AEE19FBED21F1A06B5FC2E8BD472ACDC8C31CF2BBB5D51"
"components\espressif__tinyusb\hw\bsp\espressif\components\led_strip\src\led_strip_rmt_encoder.h","690381C35ACE2703A5C7156F6547A8524F4CBFE5BEF40BE619E2097960120A40"
"components\espressif__tinyusb\hw\bsp\espressif\components\led_strip\src\led_strip_spi_dev.c","B2283460F3452EB3DC9F3EA6500DEA6502EC6BE6AA8E836B8A925993229127D3"
"components\espressif__tinyusb\hw\bsp\espressif\components\tinyusb_src\CMakeLists.txt","CE77552109599ABC719911705FE5DF33AED43D789242245C82D9E42BBE7C1955"
"components\espressif__tinyusb\hw\bsp\f1c100s\family.c","BDC194894CB9A4869D045777F216C6331EAB465B754C2FB8FFFBBAA88C2B2659"
"components\espressif__tinyusb\hw\bsp\f1c100s\family.cmake","8E55CAD2BA3148A415546DD690DF27A0CE8603B4F8AF01046EC0950478BF7F82"
"components\espressif__tinyusb\hw\bsp\f1c100s\family.mk","295C6D599E9E864625D4B2F515171CAB0B0117B5814836CF5B1F0B3C0397B2B1"
"components\espressif__tinyusb\hw\bsp\f1c100s\README.md","5AB7FE64D4F9A35BE67FA042843302010111B731D8DC16261BAEB4833DB5F284"
"components\espressif__tinyusb\hw\bsp\f1c100s\boards\f1c100s\board.cmake","B0DA66701149D982263B04E4776A9FD8D0758D6F576E0188A1143F9AC0F6721F"
"components\espressif__tinyusb\hw\bsp\f1c100s\boards\f1c100s\board.h","F9A50F58DBE500E6FED4307DF451EFF20E2D4DD6BDFA0D027766FCD3557D4781"
"components\espressif__tinyusb\hw\bsp\f1c100s\boards\f1c100s\board.mk","AD40C82856A44E7ED05AA54F53202D9914B746B0A7C65A08A40B5615F8A55FD2"
"components\espressif__tinyusb\hw\bsp\fomu\crt0-vexriscv.S","D36D88552E6A0C31AA3ED5696945F6C8EDE63EF18C0B3143ABEDBEB6AFDF5517"
"components\espressif__tinyusb\hw\bsp\fomu\dfu.py","2B138A269441B191E9DC1E629EA3F2D97DB1C9ED4DC3CDA0775263A44D17B88E"
"components\espressif__tinyusb\hw\bsp\fomu\family.c","69C9BD07417B6C6A850400666F8A7A6B74968AD74B49D9372DBE594118999CDA"
"components\espressif__tinyusb\hw\bsp\fomu\family.cmake","B832250EF57CACC847F01C869F9E9B43855BA6452E2008D26D2294F9DDC23633"
"components\espressif__tinyusb\hw\bsp\fomu\family.mk","3054971CB1A8C90D5AB28D4848CA514BEFF5F2B13C50B151EA61F33362F61B9E"
"components\espressif__tinyusb\hw\bsp\fomu\fomu.ld","C2F52A3C44BAAAD3FB6B51C1744C997CBDAD7E26EC8B366034350B65D0834E60"
"components\espressif__tinyusb\hw\bsp\fomu\output_format.ld","14009799501C0B832653A9A146767576A62A6DF1266DBDB8B2B224F111C74422"
"components\espressif__tinyusb\hw\bsp\fomu\regions.ld","A7FEE223863E4CBBCCBEC9A95B56902E597A148CBB2D1DB17DC59E0FE677AC8A"
"components\espressif__tinyusb\hw\bsp\fomu\boards\fomu\board.cmake","BE15A851485930CD8D31095DBF6D9F51262F73F4BED6B123CB581D1BCD554B2A"
"components\espressif__tinyusb\hw\bsp\fomu\boards\fomu\board.h","EF262DA15AB4DCBA1F25076BED21D4E460FFC0415A7FE436CC1B4E280E356452"
"components\espressif__tinyusb\hw\bsp\fomu\boards\fomu\board.mk","D0F079599363421B91729F1F6C2BD0CECEDDF0B5010B900547C272EAC4C719D7"
"components\espressif__tinyusb\hw\bsp\fomu\include\csr.h","55C7CB7BCECFEB3E268F4C73A0C2F16D7F0E6110E6B3A3A85B53A16A1611BCD1"
"components\espressif__tinyusb\hw\bsp\fomu\include\irq.h","CA73E38ED4CE786BB8AA36E3EB69BDEAD1F53510D8E6F7A52F87AFB725EE88E7"
"components\espressif__tinyusb\hw\bsp\fomu\include\hw\common.h","2EC747EE90D1F72A3A33028F24080F826432A9B42D2FCF5638BAA673363F41A1"
"components\espressif__tinyusb\hw\bsp\gd32vf103\family.c","445876A77D4DC0BE4C645E67E0D44937E586B06BCA1C3317A472F265B282AB28"
"components\espressif__tinyusb\hw\bsp\gd32vf103\family.cmake","7CD76B55AC1A1199BA71CE200CE58DB4F0C4ECE2D21BB5D9CABA1244EE16B5DF"
"components\espressif__tinyusb\hw\bsp\gd32vf103\family.mk","C356687AAF8C166BAA868DEDEE1832CD30F9C077004FF3B956CF103C236BC1CD"
"components\espressif__tinyusb\hw\bsp\gd32vf103\system_gd32vf103.c","2A282E811BF9963C973FDE0C13A270343E01200579A739C8529E140A2E6B9259"
"components\espressif__tinyusb\hw\bsp\gd32vf103\boards\sipeed_longan_nano\board.cmake","35EE73ED5AED1171502BD65FDBD54404A80664363CCF1AE88059C5BB1D4C0EBD"
"components\espressif__tinyusb\hw\bsp\gd32vf103\boards\sipeed_longan_nano\board.h","F498D5EB214F5F1D29FF85CFA9AC6B3BDCAE68F2727570A82812971B9C36DC02"
"components\espressif__tinyusb\hw\bsp\gd32vf103\boards\sipeed_longan_nano\board.mk","9BFF304594B26E2348CA8068AF339C0B978951350C8161D98A8DEDBC9A427CBC"
"components\espressif__tinyusb\hw\bsp\imxrt\debug.jlinkscript","872E36A0D74DCA001A10C7C915F0428476237EF2BA05D6846592847BCBF76700"
"components\espressif__tinyusb\hw\bsp\imxrt\family.c","0B6BA523C8742CB8FC4B3687D646D8BE960DA66F487BD2F515F497F43549CDF1"
"components\espressif__tinyusb\hw\bsp\imxrt\family.cmake","ECD3BD0E177381297DD7C5B01B1DC738F81504DAA037AB3C3441D1CF58939282"
"components\espressif__tinyusb\hw\bsp\imxrt\family.mk","565F0A9B5736ADE00E69B14AFFEE0989085490314554ED4D4A3B6AC3076EC9B6"
"components\espressif__tinyusb\hw\bsp\imxrt\boards\metro_m7_1011\board.cmake","45C9B7C61F09B0024FECB99F77BE21E674203B53F7A6BE194B2EE6B34D93AB72"
"components\espressif__tinyusb\hw\bsp\imxrt\boards\metro_m7_1011\board.h","078F3B1BFBE2A51DFD296C9CE3A84667AF1B718D08ED1B7AD113AB5E7473E641"
"components\espressif__tinyusb\hw\bsp\imxrt\boards\metro_m7_1011\board.mk","9096A6B94B31A0826BBE2336D2988EE7C4FD04CA6F03B40527598398C4C57897"
"components\espressif__tinyusb\hw\bsp\imxrt\boards\metro_m7_1011\evkmimxrt1010_flexspi_nor_config.c","3E9686210326C599748A18EEC0B081CB11B2B3224C6BD9C20A94DFA235A622B3"
"components\espressif__tinyusb\hw\bsp\imxrt\boards\metro_m7_1011\evkmimxrt1010_flexspi_nor_config.h","A91ED87B25FA42EEFBAAAEE211575E669F7F68C94AE7F068E9571D9852E9A76B"
"components\espressif__tinyusb\hw\bsp\imxrt\boards\metro_m7_1011\metro_m7_1011.ld","B2CA7E318265426F096EEA5FB238B3A2CEDE87E091429B3C63ED5ACB43C44EBE"
"components\espressif__tinyusb\hw\bsp\imxrt\boards\metro_m7_1011\metro_m7_1011.mex","7229D01D58661F61FE09FC3F243F3BE26F3DE6F93154AE5FDEF70C221C083E9F"
"components\espressif__tinyusb\hw\bsp\imxrt\boards\metro_m7_1011\board\clock_config.c","78F4FF9CE717332488E2A684F66838378AE61095CB65D4C3D1C99B4E2AAFA4BE"
"components\espressif__tinyusb\hw\bsp\imxrt\boards\metro_m7_1011\board\clock_config.h","A7D7C416073BFB17AF74D5530D83E05D724A80F52A38C6CBF3246BAF62FF78B3"
"components\espressif__tinyusb\hw\bsp\imxrt\boards\metro_m7_1011\board\pin_mux.c","28B8950AA002DA6CB6A89D58B10EBF40BEAC3BB4C4DAAA1D43ABFB76FFDE7E35"
"components\espressif__tinyusb\hw\bsp\imxrt\boards\metro_m7_1011\board\pin_mux.h","0F7BA06E68DE912F80272E75E25033E421AB9EE1A5286E0233C2C8AF3AF429D0"
"components\espressif__tinyusb\hw\bsp\imxrt\boards\metro_m7_1011_sd\board.cmake","45C9B7C61F09B0024FECB99F77BE21E674203B53F7A6BE194B2EE6B34D93AB72"
"components\espressif__tinyusb\hw\bsp\imxrt\boards\metro_m7_1011_sd\board.h","6A132379927E19712E9A378863DCCED1E9F4F4BEDFA81FD503A9DB9EB4D34DC1"
"components\espressif__tinyusb\hw\bsp\imxrt\boards\metro_m7_1011_sd\board.mk","9096A6B94B31A0826BBE2336D2988EE7C4FD04CA6F03B40527598398C4C57897"
"components\espressif__tinyusb\hw\bsp\imxrt\boards\metro_m7_1011_sd\evkmimxrt1010_flexspi_nor_config.c","3E9686210326C599748A18EEC0B081CB11B2B3224C6BD9C20A94DFA235A622B3"
"components\espressif__tinyusb\hw\bsp\imxrt\boards\metro_m7_1011_sd\evkmimxrt1010_flexspi_nor_config.h","A91ED87B25FA42EEFBAAAEE211575E669F7F68C94AE7F068E9571D9852E9A76B"
"components\espressif__tinyusb\hw\bsp\imxrt\boards\metro_m7_1011_sd\metro_m7_1011_sd.ld","B2CA7E318265426F096EEA5FB238B3A2CEDE87E091429B3C63ED5ACB43C44EBE"
"components\espressif__tinyusb\hw\bsp\imxrt\boards\metro_m7_1011_sd\metro_m7_1011_sd.mex","2DB04E0D21EEE2CE513EA92A448A0EFD93994BA578E5084CE85F17665FAF4592"
"components\espressif__tinyusb\hw\bsp\imxrt\boards\metro_m7_1011_sd\board\clock_config.c","67D9702745FEC41E3CA40E58C8053B85A94F7466EE5FF6BEF61C629711AC5C51"
"components\espressif__tinyusb\hw\bsp\imxrt\boards\metro_m7_1011_sd\board\clock_config.h","714ABB5AFC13268915F8DF1CC0D3F648D7479AB44028246ED2C001A6372EBF5E"
"components\espressif__tinyusb\hw\bsp\imxrt\boards\metro_m7_1011_sd\board\pin_mux.c","46175A2A3870D3C5784A1541726E467A5C3F3C8BC3C0519308C30EA84A1E3066"
"components\espressif__tinyusb\hw\bsp\imxrt\boards\metro_m7_1011_sd\board\pin_mux.h","6BD6A41F725366E406E02ACFB77C28F89957BE7EC1B914F75EDC42447CF47610"
"components\espressif__tinyusb\hw\bsp\imxrt\boards\metro_m7_1011_sd\ozone\metro_m7_1011_sd.jdebug","DA4AE486D2B9C089E109F2BB5EEB78EC7C3B0EB8DBB5CBEC2CAF4C773179479B"
"components\espressif__tinyusb\hw\bsp\imxrt\boards\mimxrt1010_evk\board.cmake","45C9B7C61F09B0024FECB99F77BE21E674203B53F7A6BE194B2EE6B34D93AB72"
"components\espressif__tinyusb\hw\bsp\imxrt\boards\mimxrt1010_evk\board.h","A9D36C5BE84B17B6C986E1D65C15CDFBF538E1B1DD13FB5CC86B5775110AA7DA"
"components\espressif__tinyusb\hw\bsp\imxrt\boards\mimxrt1010_evk\board.mk","B05D69C3CA4D8EA75662F35B88D04135C489CD548DB5F94D3D72F51410174D33"
"components\espressif__tinyusb\hw\bsp\imxrt\boards\mimxrt1010_evk\evkmimxrt1010_flexspi_nor_config.c","BE90D378296D406CDDB16CB2E5668D8C33F80B094F0E88AD3B28EC372FE48FFF"
"components\espressif__tinyusb\hw\bsp\imxrt\boards\mimxrt1010_evk\evkmimxrt1010_flexspi_nor_config.h","A91ED87B25FA42EEFBAAAEE211575E669F7F68C94AE7F068E9571D9852E9A76B"
"components\espressif__tinyusb\hw\bsp\imxrt\boards\mimxrt1010_evk\mimxrt1010_evk.mex","84A4FAAAFF6AFA67DF8F20ADE4900830592660C54DC67EE83D8449218BE74F3E"
"components\espressif__tinyusb\hw\bsp\imxrt\boards\mimxrt1010_evk\board\clock_config.c","67D9702745FEC41E3CA40E58C8053B85A94F7466EE5FF6BEF61C629711AC5C51"
"components\espressif__tinyusb\hw\bsp\imxrt\boards\mimxrt1010_evk\board\clock_config.h","714ABB5AFC13268915F8DF1CC0D3F648D7479AB44028246ED2C001A6372EBF5E"
"components\espressif__tinyusb\hw\bsp\imxrt\boards\mimxrt1010_evk\board\pin_mux.c","B19B1DB69BA3B2DA31AF548C7CBC16E8B2536B140815100A76357B6866D09E10"
"components\espressif__tinyusb\hw\bsp\imxrt\boards\mimxrt1010_evk\board\pin_mux.h","B4D6CDE0A812DD7541CC0193A12947BAC131080503DB667BA40269751EFE5AF3"
"components\espressif__tinyusb\hw\bsp\imxrt\boards\mimxrt1015_evk\board.cmake","8153057BA3C9132A62DE16474235336FB020365A4E721043A056EB0A077CEEC0"
"components\espressif__tinyusb\hw\bsp\imxrt\boards\mimxrt1015_evk\board.h","0FF5509A52D5608BA6129455109D71A181B60CE5AF6E738FF2AC5F4C9BE90958"
"components\espressif__tinyusb\hw\bsp\imxrt\boards\mimxrt1015_evk\board.mk","49619E8F111F08BB34987DCFC4EBA18B7E013DC6E92D7B4D214DB3164412F269"
"components\espressif__tinyusb\hw\bsp\imxrt\boards\mimxrt1015_evk\evkmimxrt1015_flexspi_nor_config.c","7515F2C8E1EEE8F185879F258CAD8B6D1731B7300B7AFC14B070D6B18F50D3A1"
"components\espressif__tinyusb\hw\bsp\imxrt\boards\mimxrt1015_evk\evkmimxrt1015_flexspi_nor_config.h","2F19F1A9234B329EF743B0D804F0C31BB66DA63EE69A94FC553B2FF4A6E6BC1B"
"components\espressif__tinyusb\hw\bsp\imxrt\boards\mimxrt1015_evk\mimxrt1015_evk.mex","45B26C05CCFADB42A21C956507BF87CE9F40491AB39AD44911301E7D606FF033"
"components\espressif__tinyusb\hw\bsp\imxrt\boards\mimxrt1015_evk\board\clock_config.c","96035DEF81A8B445585540B73FA043115BBC4857F0013ECC5B46586A91BB8DED"
"components\espressif__tinyusb\hw\bsp\imxrt\boards\mimxrt1015_evk\board\clock_config.h","4E43833D175110BD76726E8B5BB81F804849C59AD752531A61A55FC149DE9EDA"
"components\espressif__tinyusb\hw\bsp\imxrt\boards\mimxrt1015_evk\board\pin_mux.c","32249B28BF6D138E32B01F51A98BAB49D80A5FEDA163BE095D921B221CB76E26"
"components\espressif__tinyusb\hw\bsp\imxrt\boards\mimxrt1015_evk\board\pin_mux.h","BAC0730008B59EE1806D92C269D8E21040A062C48A7554545FA10EC4F7DEDEB8"
"components\espressif__tinyusb\hw\bsp\imxrt\boards\mimxrt1020_evk\board.cmake","9F090DC5AE535840DA17661CB0AA6F0A0D1EE6931AC1FC4229B58B90EB721238"
"components\espressif__tinyusb\hw\bsp\imxrt\boards\mimxrt1020_evk\board.h","DC665F37539D21646E65FF933FAA83930DD939A7B21AA469C66DE351AF8F6505"
"components\espressif__tinyusb\hw\bsp\imxrt\boards\mimxrt1020_evk\board.mk","686267FB819B8ECA41933792B228111203DD30EA1A5ACFF9029097476B5C01F6"
"components\espressif__tinyusb\hw\bsp\imxrt\boards\mimxrt1020_evk\evkmimxrt1020_flexspi_nor_config.c","8BE5B79F503CB66F39F19B5718B969EAE73AFCF737E99F7395F1B583FF6376F4"
"components\espressif__tinyusb\hw\bsp\imxrt\boards\mimxrt1020_evk\evkmimxrt1020_flexspi_nor_config.h","B9A7CDC2B79EB005114E99FB85BD95DCD71E21C1FB3ADAE08E0DF34132240C47"
"components\espressif__tinyusb\hw\bsp\imxrt\boards\mimxrt1020_evk\mimxrt1020_evk.mex","9056F8E756A1129F32D6DECE884536C497F459C99A186FE75ED24C30B861B400"
"components\espressif__tinyusb\hw\bsp\imxrt\boards\mimxrt1020_evk\board\clock_config.c","BE29E817E8B35384A99A602B4BE2FD8B181F630822AFD8E08418E1DBC6E7C04A"
"components\espressif__tinyusb\hw\bsp\imxrt\boards\mimxrt1020_evk\board\clock_config.h","A110D723348D6CA8B33F3DE9D15F6627DCA3F7F1EBCDBD09E587DC81BE5A441B"
"components\espressif__tinyusb\hw\bsp\imxrt\boards\mimxrt1020_evk\board\pin_mux.c","9D31DC76D6D7CEA182FDC3868A164F7BDD2CC6AD00D75B25D0672BFD8D461695"
"components\espressif__tinyusb\hw\bsp\imxrt\boards\mimxrt1020_evk\board\pin_mux.h","BB83FE692D8824355A094361A44BB975BDE5D91EDCCFDE5F2A6653A719606D8B"
"components\espressif__tinyusb\hw\bsp\imxrt\boards\mimxrt1024_evk\board.cmake","F61E9B56915001DD6D72570F3A482E275A7B515A92A423DEA886499D982E8F07"
"components\espressif__tinyusb\hw\bsp\imxrt\boards\mimxrt1024_evk\board.h","060A62CB9E356EC4FFE3041E02B0CA1303B093E984F6FB922716DE56FE8D62D6"
"components\espressif__tinyusb\hw\bsp\imxrt\boards\mimxrt1024_evk\board.mk","A8E685E21570591AA625CD20BDBDBB220268A11A8E47F997E0EB16E58F2D0A6A"
"components\espressif__tinyusb\hw\bsp\imxrt\boards\mimxrt1024_evk\evkmimxrt1024_flexspi_nor_config.c","56016BE924DC694BCCA9042200EAFB17C08A74765C39AE72B5D004DF5DE68544"
"components\espressif__tinyusb\hw\bsp\imxrt\boards\mimxrt1024_evk\evkmimxrt1024_flexspi_nor_config.h","17A13F3E78786A3D8051DD07385006AF1B9337BFE3DF0080377D49ED468C8715"
"components\espressif__tinyusb\hw\bsp\imxrt\boards\mimxrt1024_evk\mimxrt1024_evk.mex","62541D29A564A34EC2D815E44574579C482780CFDA37D478AE2E3D392244D940"
"components\espressif__tinyusb\hw\bsp\imxrt\boards\mimxrt1024_evk\board\clock_config.c","4C3EDA3F392559AEB8F5AD2D967A5C92021F8ABA05BF5EAC82B92F1B6387BBD4"
"components\espressif__tinyusb\hw\bsp\imxrt\boards\mimxrt1024_evk\board\clock_config.h","A110D723348D6CA8B33F3DE9D15F6627DCA3F7F1EBCDBD09E587DC81BE5A441B"
"components\espressif__tinyusb\hw\bsp\imxrt\boards\mimxrt1024_evk\board\pin_mux.c","9A6AE6B04388EE32CD49D769C97842A24CB700EFF1DC3C3E21CB0DE1C7FB57A1"
"components\espressif__tinyusb\hw\bsp\imxrt\boards\mimxrt1024_evk\board\pin_mux.h","A9777E9C50298DA2D3596E78497415009D23D2E59CD4BEC060CEC30448DB7FE6"
"components\espressif__tinyusb\hw\bsp\imxrt\boards\mimxrt1050_evkb\board.cmake","4EA9953279AEB8DD0E0268E3C3A51FE1BC499BB44767AD708C4EA252DE7A096A"
"components\espressif__tinyusb\hw\bsp\imxrt\boards\mimxrt1050_evkb\board.h","601C7966D860708B8BE297D84859127E74EE1E0F0BA7C7FD976AC3A3399D8273"
"components\espressif__tinyusb\hw\bsp\imxrt\boards\mimxrt1050_evkb\board.mk","D095E827CB3C2108323A3891B13FD944A13200EA6484C1DEC94E461DCA046EF4"
"components\espressif__tinyusb\hw\bsp\imxrt\boards\mimxrt1050_evkb\evkbimxrt1050_flexspi_nor_config.c","4D695F8B34938580EAE1AD9194D1752FD16174A81FAD3ECAF1428A04B336F450"
"components\espressif__tinyusb\hw\bsp\imxrt\boards\mimxrt1050_evkb\evkbimxrt1050_flexspi_nor_config.h","E2A8D8D5AD85B5DF7CC4014377DFE7258FEB561FB21C0A92A9CAD9B93156B247"
"components\espressif__tinyusb\hw\bsp\imxrt\boards\mimxrt1050_evkb\mimxrt1050_evkb.mex","890E5BBDBD47512100A4F19A39DA39E55A8810D6E6F323F3513C110CA486DC02"
"components\espressif__tinyusb\hw\bsp\imxrt\boards\mimxrt1050_evkb\board\clock_config.c","E43AE039D5A4E2AA3EA16ED751617EAFDDC5E6CAE67CE6C0F319A2A1CCDBDD29"
"components\espressif__tinyusb\hw\bsp\imxrt\boards\mimxrt1050_evkb\board\clock_config.h","85BC53BDBF755A76854680F5CAB268DB07C9CF84E547BBFF5344963B21D30063"
"components\espressif__tinyusb\hw\bsp\imxrt\boards\mimxrt1050_evkb\board\pin_mux.c","3EF0B3D2706B02D45008452F4805E00CFF7E4342541909D7A1ED95EAD1F89ACE"
"components\espressif__tinyusb\hw\bsp\imxrt\boards\mimxrt1050_evkb\board\pin_mux.h","B77072C9A810617A02C9E351C0C0D083CAB3348C243DAC54BF15777936B03690"
"components\espressif__tinyusb\hw\bsp\imxrt\boards\mimxrt1060_evk\board.cmake","5CEDC243A41103142457CB3C9619E3A2634A3B6A18F478748915637EE109686A"
"components\espressif__tinyusb\hw\bsp\imxrt\boards\mimxrt1060_evk\board.h","81D07D6C9626D25FDF803F57A938948F1E60DAD20F49B18F3E83FA69918DDB3A"
"components\espressif__tinyusb\hw\bsp\imxrt\boards\mimxrt1060_evk\board.mk","394847788A522470D4CAFA38D23364B67839CB398308544994BBAE5721618FD9"
"components\espressif__tinyusb\hw\bsp\imxrt\boards\mimxrt1060_evk\evkmimxrt1060_flexspi_nor_config.c","AD3A0AFB9379828ED335846323F5187C202D30957144DC88826C402EADBE9600"
"components\espressif__tinyusb\hw\bsp\imxrt\boards\mimxrt1060_evk\evkmimxrt1060_flexspi_nor_config.h","384FB19D15710F95F8013C75E5BEEBCCD9BD157BAA13256ED3486A7E680C08EF"
"components\espressif__tinyusb\hw\bsp\imxrt\boards\mimxrt1060_evk\mimxrt1060_evk.mex","D0C1D67DA9A0DFC0D2839C712DFA468DC37F2AE6C62C51324A218E707CB1356E"
"components\espressif__tinyusb\hw\bsp\imxrt\boards\mimxrt1060_evk\board\clock_config.c","FFEE23BBAB281DE9A204B53161D4DAA6B5EF02709016676A54C46E80BBF439FB"
"components\espressif__tinyusb\hw\bsp\imxrt\boards\mimxrt1060_evk\board\clock_config.h","B80BA554364C1C1820F45D07778B65907E5197181DCE23ED392096238A59AB69"
"components\espressif__tinyusb\hw\bsp\imxrt\boards\mimxrt1060_evk\board\pin_mux.c","EDFC310D92790008FC1CA3C0E82E7B153A4786B1EEE0779BD2EEBCBE57EAF333"
"components\espressif__tinyusb\hw\bsp\imxrt\boards\mimxrt1060_evk\board\pin_mux.h","E16DFFDE8CBC84E92602B2C00354C515094D3F99215D6AEA1DEB9713642C789A"
"components\espressif__tinyusb\hw\bsp\imxrt\boards\mimxrt1064_evk\board.cmake","768A6EE4AA123154CE064062AA4454EF607BEAB3F7F4C459EE3823033F051C11"
"components\espressif__tinyusb\hw\bsp\imxrt\boards\mimxrt1064_evk\board.h","AAF20973C172A5A51B8AB422C2372F75ED4565B0BA428F63882EA5B22EC3AF33"
"components\espressif__tinyusb\hw\bsp\imxrt\boards\mimxrt1064_evk\board.mk","7EDD91C34A12422F308CADDB385B8A3EB105C76138C2EAE53113EB28A874DFE7"
"components\espressif__tinyusb\hw\bsp\imxrt\boards\mimxrt1064_evk\evkmimxrt1064_flexspi_nor_config.c","398DB255F58D1D0BA98B9FD6B78DB546C26A4C7AECE33618ABD7D0A379EF23CE"
"components\espressif__tinyusb\hw\bsp\imxrt\boards\mimxrt1064_evk\evkmimxrt1064_flexspi_nor_config.h","89422D884228FB2F2CA09A05420E65224544E2A7D84D293AF58E4E3613844E59"
"components\espressif__tinyusb\hw\bsp\imxrt\boards\mimxrt1064_evk\mimxrt1064_evk.mex","3224E2F01692B67B10E229466483515BF1A901CC3199E5F4DAC613569AA5AF47"
"components\espressif__tinyusb\hw\bsp\imxrt\boards\mimxrt1064_evk\board\clock_config.c","2C5A2527945F4BDAC8529EE0CBC5C90EA712423A54953AB606330747097A5029"
"components\espressif__tinyusb\hw\bsp\imxrt\boards\mimxrt1064_evk\board\clock_config.h","B80BA554364C1C1820F45D07778B65907E5197181DCE23ED392096238A59AB69"
"components\espressif__tinyusb\hw\bsp\imxrt\boards\mimxrt1064_evk\board\pin_mux.c","80BA73C57FF1B1D871D8D8899F23E68D2CF90D9B94D9D68C5EFD708F65095F87"
"components\espressif__tinyusb\hw\bsp\imxrt\boards\mimxrt1064_evk\board\pin_mux.h","E16DFFDE8CBC84E92602B2C00354C515094D3F99215D6AEA1DEB9713642C789A"
"components\espressif__tinyusb\hw\bsp\imxrt\boards\mimxrt1170_evkb\board.cmake","E249FB7902800599F2E0D0EE3D2BF2017ADFCECBD2076B41CF24268BB8CF767D"
"components\espressif__tinyusb\hw\bsp\imxrt\boards\mimxrt1170_evkb\board.h","BE35EA0C01C97D3F46A495FE8F857064E3B3452615B3AD14DBEBE912ACBA67CC"
"components\espressif__tinyusb\hw\bsp\imxrt\boards\mimxrt1170_evkb\board.mk","0C9C8AA479119F70A769E54BAAE23AA1F336AFBCF88C0C6DA728FEFF75C761F4"
"components\espressif__tinyusb\hw\bsp\imxrt\boards\mimxrt1170_evkb\evkbmimxrt1170_flexspi_nor_config.c","0D688686BCA550B5829C8CDBCC300B77CE5893686356F13BBC84054BA173111C"
"components\espressif__tinyusb\hw\bsp\imxrt\boards\mimxrt1170_evkb\evkbmimxrt1170_flexspi_nor_config.h","764850F9FF2BCEDD2854CCBA47FC426E90EB2579FF6283346952BDC296573D4C"
"components\espressif__tinyusb\hw\bsp\imxrt\boards\mimxrt1170_evkb\mimxrt1170_evkb.mex","C17407FEE1A85EA9A9BFA3E86C34828F50DEC73055A04CC7C9706E6180A1A798"
"components\espressif__tinyusb\hw\bsp\imxrt\boards\mimxrt1170_evkb\board\clock_config.c","695E1B41E9CC46BA694233F4668B3E1F8B307DD187A72E6CC850C5495B41BFA4"
"components\espressif__tinyusb\hw\bsp\imxrt\boards\mimxrt1170_evkb\board\clock_config.h","E8A94B847C814392857DBB7CE871EC7BAB8DF4F0B69855C3298DEB889D816672"
"components\espressif__tinyusb\hw\bsp\imxrt\boards\mimxrt1170_evkb\board\pin_mux.c","0C722AAF4FDBE1C0CCDDA94F910ABE5A3D5F66C97FA71FA95918A538143A571D"
"components\espressif__tinyusb\hw\bsp\imxrt\boards\mimxrt1170_evkb\board\pin_mux.h","80EA876C4E3005FAB892FF37F8FEBAE51638134524C3A60F13F699BBDE4542A5"
"components\espressif__tinyusb\hw\bsp\imxrt\boards\teensy_40\board.cmake","CC06FDD5993371952E64A2C445BCCF207A7E92B9FB225DD9629BDE65BFC1F66E"
"components\espressif__tinyusb\hw\bsp\imxrt\boards\teensy_40\board.h","845E68B3C09FF650879B53831ED46561C882C1E1F49C619FD64479891B587226"
"components\espressif__tinyusb\hw\bsp\imxrt\boards\teensy_40\board.mk","B6B8D6704AF00D0BD57EE4579D7893D5BFA8CB966C25940B64E58398E4E39441"
"components\espressif__tinyusb\hw\bsp\imxrt\boards\teensy_40\teensy40.mex","A9726115EE80EC089D56A0ADBE2410EF07429B50D19D9510AD8656D39381FCC2"
"components\espressif__tinyusb\hw\bsp\imxrt\boards\teensy_40\teensy40_flexspi_nor_config.c","EA597AB7D237ED5E8D74B3758106D3B273B6AD7178DB3D13580F6CCB063CF5C3"
"components\espressif__tinyusb\hw\bsp\imxrt\boards\teensy_40\teensy40_flexspi_nor_config.h","3E0BB967B73F5812AC5843EE9A31490020FA91DE64AAFEACCF8D607729FF8F4F"
"components\espressif__tinyusb\hw\bsp\imxrt\boards\teensy_40\board\clock_config.c","FFEE23BBAB281DE9A204B53161D4DAA6B5EF02709016676A54C46E80BBF439FB"
"components\espressif__tinyusb\hw\bsp\imxrt\boards\teensy_40\board\clock_config.h","B80BA554364C1C1820F45D07778B65907E5197181DCE23ED392096238A59AB69"
"components\espressif__tinyusb\hw\bsp\imxrt\boards\teensy_40\board\pin_mux.c","C85E3FCCEED7DF57CBE576A6A7C446DC18D98DC218DFBC37CDCB17F947F4E114"
"components\espressif__tinyusb\hw\bsp\imxrt\boards\teensy_40\board\pin_mux.h","349C6A24FC26062F72EE647D1E92ED1F332A35D5DF76527ECA5943CE665BAAD0"
"components\espressif__tinyusb\hw\bsp\imxrt\boards\teensy_41\board.cmake","35733006D895A6EEAFF6E590C1D3B7AF414AB7B544D457FDABDCDB9342CEB72C"
"components\espressif__tinyusb\hw\bsp\imxrt\boards\teensy_41\board.h","0C768B03395AE184BDB66EB9E14827E69609C0CB159BE98E02A57A3E6B3BBBA7"
"components\espressif__tinyusb\hw\bsp\imxrt\boards\teensy_41\board.mk","B6B8D6704AF00D0BD57EE4579D7893D5BFA8CB966C25940B64E58398E4E39441"
"components\espressif__tinyusb\hw\bsp\imxrt\boards\teensy_41\teensy41.mex","A9726115EE80EC089D56A0ADBE2410EF07429B50D19D9510AD8656D39381FCC2"
"components\espressif__tinyusb\hw\bsp\imxrt\boards\teensy_41\teensy41_flexspi_nor_config.c","7C526DA73F620E1F2F6260AB3B30D4B66E5299E89C3D113335CBCB3EAC3CB10B"
"components\espressif__tinyusb\hw\bsp\imxrt\boards\teensy_41\teensy41_flexspi_nor_config.h","3E0BB967B73F5812AC5843EE9A31490020FA91DE64AAFEACCF8D607729FF8F4F"
"components\espressif__tinyusb\hw\bsp\imxrt\boards\teensy_41\board\clock_config.c","FFEE23BBAB281DE9A204B53161D4DAA6B5EF02709016676A54C46E80BBF439FB"
"components\espressif__tinyusb\hw\bsp\imxrt\boards\teensy_41\board\clock_config.h","B80BA554364C1C1820F45D07778B65907E5197181DCE23ED392096238A59AB69"
"components\espressif__tinyusb\hw\bsp\imxrt\boards\teensy_41\board\pin_mux.c","C85E3FCCEED7DF57CBE576A6A7C446DC18D98DC218DFBC37CDCB17F947F4E114"
"components\espressif__tinyusb\hw\bsp\imxrt\boards\teensy_41\board\pin_mux.h","349C6A24FC26062F72EE647D1E92ED1F332A35D5DF76527ECA5943CE665BAAD0"
"components\espressif__tinyusb\hw\bsp\imxrt\FreeRTOSConfig\FreeRTOSConfig.h","7BA338F98A759EDA79FC44936DFBEE24FB30C0EE9CA96C93B43FE8E0B77BC925"
"components\espressif__tinyusb\hw\bsp\kinetis_k\family.c","E859F742786AF42E1126511B0303C4AC31740C88F1862007E414AFC3929AED59"
"components\espressif__tinyusb\hw\bsp\kinetis_k\family.cmake","AA539373C010951A4FD82A2FDBC5A8F14A7F035E141C9ECFBD8A2B2D446E5EA4"
"components\espressif__tinyusb\hw\bsp\kinetis_k\family.mk","9FECDF85631DCBBFBC60146F2427F4964A1E40B3ED28F5456C1CCD0373A86FA0"
"components\espressif__tinyusb\hw\bsp\kinetis_k\boards\frdm_k64f\board.cmake","7F0A569A55F883C2DBE708351934A28D7C85AC581F6225377A4D45AAE55F8237"
"components\espressif__tinyusb\hw\bsp\kinetis_k\boards\frdm_k64f\board.h","C5C73BC34D0B6A1C1CDE67A08AB7B35698BA9665337E4FD0036019EB8F8AA303"
"components\espressif__tinyusb\hw\bsp\kinetis_k\boards\frdm_k64f\board.mk","7AF2FCD9C03477FD42D97C42D18B355B587D30E9D3918D273EFC3C5948C6057F"
"components\espressif__tinyusb\hw\bsp\kinetis_k\boards\frdm_k64f\frdm_k64f.mex","886C71385F574E81E500897447DD8D53B80C046C666B247B2602AC249C480C36"
"components\espressif__tinyusb\hw\bsp\kinetis_k\boards\frdm_k64f\board\clock_config.c","F89D52C3CE56807F1BC9795D9690B5E2E170B277F8DF3C49C096527EC6D9B207"
"components\espressif__tinyusb\hw\bsp\kinetis_k\boards\frdm_k64f\board\clock_config.h","A34A72736DC318D3E361A74B7576D58C4BD510A4853D77AF1A1C7E7430623843"
"components\espressif__tinyusb\hw\bsp\kinetis_k\boards\frdm_k64f\board\pin_mux.c","7FC993CAC161DED6E3E47F9F482A8EB053A3376759643F5CAD79E6D73C920FFB"
"components\espressif__tinyusb\hw\bsp\kinetis_k\boards\frdm_k64f\board\pin_mux.h","C15260596937567F6718616D0863B60C7A180D01D9F25FF7CF3AF4E08C37D26D"
"components\espressif__tinyusb\hw\bsp\kinetis_k\boards\teensy_35\board.cmake","5085EAB6CD8F9C70FB4E537B6734D00856437C07F68FECB652E67A0972D3ECF7"
"components\espressif__tinyusb\hw\bsp\kinetis_k\boards\teensy_35\board.h","4D7D875810A16BCB82B2FE27C2F8E8292875F697CF914CF74B43DDD13C7613EC"
"components\espressif__tinyusb\hw\bsp\kinetis_k\boards\teensy_35\board.mk","418A4C38C06628C0DBBE3BD6970C13CA1E49D6D5E01875868B4794D8D037E6AE"
"components\espressif__tinyusb\hw\bsp\kinetis_k\boards\teensy_35\teensy_35.mex","82E84711768BE7C7F5A296B1023F4C42BA1E17F7DBDD9ACF8B88AC10A260F3A8"
"components\espressif__tinyusb\hw\bsp\kinetis_k\boards\teensy_35\board\clock_config.c","74E70210E92D9FC84804C39F6C7490CF81D33B6BB82E50804A408FF3BAA21F39"
"components\espressif__tinyusb\hw\bsp\kinetis_k\boards\teensy_35\board\clock_config.h","40D16C5B8E4029D9D8BCED5AFB6D849308246EC5C4BAC094BBE9A70568B7922C"
"components\espressif__tinyusb\hw\bsp\kinetis_k\boards\teensy_35\board\pin_mux.c","AC8764CA87A6EBA4D162F6146354BC01CD7F263982C690069B4C2E3FEB403A62"
"components\espressif__tinyusb\hw\bsp\kinetis_k\boards\teensy_35\board\pin_mux.h","5BBA1C681B311B50E524AEAE3B91C4BEE1D3E765698BACFA709B91AA32564D94"
"components\espressif__tinyusb\hw\bsp\kinetis_k\FreeRTOSConfig\FreeRTOSConfig.h","ECE0E7DD21911366AC06987CBA9CA57A955216FC3CA9C7517A8E17577B1BA7F2"
"components\espressif__tinyusb\hw\bsp\kinetis_k32l2\family.c","60BD7DA9F42081BB127CDC097F11A6C63396F76C0EF15005D62CE1AE0BD39FB3"
"components\espressif__tinyusb\hw\bsp\kinetis_k32l2\family.cmake","E9A75226BAAAA892B1EB114F7F6C4198BE715B3BED2183CCF2963B9E5AAED69E"
"components\espressif__tinyusb\hw\bsp\kinetis_k32l2\family.mk","B606237E9D81D4C5C3481A0B6CDAC04A462E88CF5AE5B48EA6E4DB5207E21D81"
"components\espressif__tinyusb\hw\bsp\kinetis_k32l2\boards\frdm_k32l2a4s\board.cmake","2C21F5C20EC1562E8E8DCF9B6DAAA2753DCAD7626E6116BF9B300DFA2A0F7DD1"
"components\espressif__tinyusb\hw\bsp\kinetis_k32l2\boards\frdm_k32l2a4s\board.h","9B63CB954C37701A3D1BEB19057B09E46983010DD607C85C430F67C78AC7FAD8"
"components\espressif__tinyusb\hw\bsp\kinetis_k32l2\boards\frdm_k32l2a4s\board.mk","0F906D5E9824920862F5C71CCE225E9D27BCBCEDE659441143A583B7EBD91523"
"components\espressif__tinyusb\hw\bsp\kinetis_k32l2\boards\frdm_k32l2a4s\clock_config.c","C48639FBED3379A6B20523EE14D49F9CD7C4C64BCA7048CEED8D2370E7B08D3B"
"components\espressif__tinyusb\hw\bsp\kinetis_k32l2\boards\frdm_k32l2a4s\clock_config.h","69C7159BF4553DF10630DDB076E1D367602BBEAF122E366FA6C11B4577E3027B"
"components\espressif__tinyusb\hw\bsp\kinetis_k32l2\boards\frdm_k32l2b\board.cmake","2011FB47FFD120C760190C5E3DA7E1284FB1FEFC7C88E504B922B0CEF8F7B7B6"
"components\espressif__tinyusb\hw\bsp\kinetis_k32l2\boards\frdm_k32l2b\board.h","20957593FAF6B247DFF07729F70D4E9EF21E8573CC0D02CCB13F3B06AA8C8877"
"components\espressif__tinyusb\hw\bsp\kinetis_k32l2\boards\frdm_k32l2b\board.mk","1DD5773534809D1255350572A44B0C703F64D490A4A23015AF0175E5B0DF2912"
"components\espressif__tinyusb\hw\bsp\kinetis_k32l2\boards\frdm_k32l2b\clock_config.c","9C832948E4FD799F93D96CDDED6362E5588EB3332BF612ADF1097DE24B39AB46"
"components\espressif__tinyusb\hw\bsp\kinetis_k32l2\boards\frdm_k32l2b\clock_config.h","BA789BB9BEDD6A8ACF45FE946E02210E9F07B12035A671E0F439FF671D9EE3A9"
"components\espressif__tinyusb\hw\bsp\kinetis_k32l2\boards\kuiic\board.cmake","0C3E8BBC607F3C4BD0DD11CE8751C7FF2E6C67F6AD5B94152279AB3F576D155C"
"components\espressif__tinyusb\hw\bsp\kinetis_k32l2\boards\kuiic\board.h","9B5CB93FFDE62218FBE7BB01B3E2D6A0CD2F78869E79FE0A489DB9A65AA6E7CA"
"components\espressif__tinyusb\hw\bsp\kinetis_k32l2\boards\kuiic\board.mk","8EEAABA3A015D2E8D06DD1EE529412AA2FE87AFFA70A49587D2C57AFC810E94C"
"components\espressif__tinyusb\hw\bsp\kinetis_k32l2\boards\kuiic\clock_config.c","7DE0034AB4A8B9069EB512E8F725BBAF59373E8DC0E8EF900EBA8909135A761B"
"components\espressif__tinyusb\hw\bsp\kinetis_k32l2\boards\kuiic\clock_config.h","63F2F3C624ABFE7556FEF26A7579308D4BF34F779E7A6977A77613DAF4259DF4"
"components\espressif__tinyusb\hw\bsp\kinetis_k32l2\boards\kuiic\kuiic.ld","C9930C35746550CD9AB66D5551EB5C328857432C84766C5C2D411A0817C546F4"
"components\espressif__tinyusb\hw\bsp\kinetis_k32l2\FreeRTOSConfig\FreeRTOSConfig.h","FCC0A46504D05815094ACBCCBD1A8D75D5DD4A113C56DEC3D405DB9AE05AA02E"
"components\espressif__tinyusb\hw\bsp\kinetis_kl\family.c","2229F0ED9866DC396A6EEFBF4CCF97C00A0D19A0C4772B3A3702FB308C5E8CA0"
"components\espressif__tinyusb\hw\bsp\kinetis_kl\family.cmake","D0E5140EC610B899BB14CEC52362D1E0EEECD076CBC6B1232AB2B6B6513C7A09"
"components\espressif__tinyusb\hw\bsp\kinetis_kl\family.mk","BE5DFCC6CAF44D2049520ECB1B3A6D85BF060B54AABBE05C95C3B80FDB5ABD53"
"components\espressif__tinyusb\hw\bsp\kinetis_kl\boards\frdm_kl25z\board.cmake","0C200733D09E0D2D1A3F6759C2C092630CAF2CC3B3A9E074C0FA91700791C351"
"components\espressif__tinyusb\hw\bsp\kinetis_kl\boards\frdm_kl25z\board.h","BF3CB53E915097EBE5F3E7AAFE5216589392E65F779DB52BFCD39F45F63F090C"
"components\espressif__tinyusb\hw\bsp\kinetis_kl\boards\frdm_kl25z\board.mk","5E6C9D490A190999A78C141A363A61367371366876B6AB30583EB4634345055A"
"components\espressif__tinyusb\hw\bsp\kinetis_kl\boards\frdm_kl25z\clock_config.c","4A4DF5D7D26528DCD8B76CE7AE7392E6F1CF55D17CAB8CEFD788784D322DEABE"
"components\espressif__tinyusb\hw\bsp\kinetis_kl\boards\frdm_kl25z\clock_config.h","BEA7949004CA753A778064D48F961BD0232AE8716AA1EF27A0193C22A34A1B25"
"components\espressif__tinyusb\hw\bsp\kinetis_kl\FreeRTOSConfig\FreeRTOSConfig.h","E64534457770000CE7643C5926183C928E6CE135C83D1AEC08F0857E16AD45C6"
"components\espressif__tinyusb\hw\bsp\kinetis_kl\gcc\MKL25Z128xxx4_flash.ld","B5F46A6A3D87B6F77988BDC4D89E296BFA0EE4FF51D750D878ADC3079D5B8FB6"
"components\espressif__tinyusb\hw\bsp\kinetis_kl\gcc\startup_MKL25Z4.S","2A263C4E06E4949EF79E61938FF97B4F84E26AB9DE98497C7B6BB160EBE7A99E"
"components\espressif__tinyusb\hw\bsp\lpc11\family.c","1D31EAF3B1A871AA97CC80433AB0FE5FDB5248B4936C512AC440C3F1C94C7D41"
"components\espressif__tinyusb\hw\bsp\lpc11\family.cmake","12B143313FBD33BC3884EC17CC635C546A167D7B208EB331E61B83A10C7B2799"
"components\espressif__tinyusb\hw\bsp\lpc11\family.mk","669348FD3BF422A1477FB74D9C142A584FB46643750F70ACCC4392A61C5E312F"
"components\espressif__tinyusb\hw\bsp\lpc11\boards\lpcxpresso11u37\board.cmake","23A1C626CFF40E9D8DF4725D4860DD62A9DC99CCC97C15602B2D37B1A87113DC"
"components\espressif__tinyusb\hw\bsp\lpc11\boards\lpcxpresso11u37\board.h","0BBC68ED47814D6B89DFDB0C38A9DD6710D553FC7BCCF76608D614A8610CC295"
"components\espressif__tinyusb\hw\bsp\lpc11\boards\lpcxpresso11u37\board.mk","E5FD6B4329DBE3F526642D2975255917157A0AD0F0066BA7E78C1CB9099D4E8A"
"components\espressif__tinyusb\hw\bsp\lpc11\boards\lpcxpresso11u37\lpc11u37.ld","3F3F241D252FEC5F5D4B4A5B52D4652297EA16F53B08AF68E5D221006E96AB9C"
"components\espressif__tinyusb\hw\bsp\lpc11\boards\lpcxpresso11u68\board.cmake","D50F8D6F9127667A7B1566DE7C25BCD9C59CD6F82FD7E5FA26978958A189B6DB"
"components\espressif__tinyusb\hw\bsp\lpc11\boards\lpcxpresso11u68\board.h","78CE12A7B16351642BA97653B98F553F95A10C25E28AC8367BBA0D507052EFCF"
"components\espressif__tinyusb\hw\bsp\lpc11\boards\lpcxpresso11u68\board.mk","29853E633CD9466D9AB253E40437A11291880807C72F1644D16B56B80361CBAA"
"components\espressif__tinyusb\hw\bsp\lpc11\boards\lpcxpresso11u68\lpc11u68.ld","7589EC6E3007DE4B83409F4E4E2A6C442C9E57522463D48BEF7283F45F09183D"
"components\espressif__tinyusb\hw\bsp\lpc11\FreeRTOSConfig\FreeRTOSConfig.h","B2AC004DAA87043856BE9CAF271A9A565612FD7AA4A7633E60A8117A094E6954"
"components\espressif__tinyusb\hw\bsp\lpc13\family.c","8260C97B2C123E07597CADE82609D2C575E75B5B26949292D46BE576D6D12909"
"components\espressif__tinyusb\hw\bsp\lpc13\family.cmake","25C058A685A52A7B5C672E19B379DDE87DEA211F6851230511AC2DD8A1D06214"
"components\espressif__tinyusb\hw\bsp\lpc13\family.mk","F45622BD0A6E18816FA18D5F38A71B1CF3DD8D3FB59F13C38216A1146DA353F4"
"components\espressif__tinyusb\hw\bsp\lpc13\boards\lpcxpresso1347\board.cmake","31A13A548DFD8D8499C2D06A42DCF85B71E16FBBF919342B705C88E9286D5FD7"
"components\espressif__tinyusb\hw\bsp\lpc13\boards\lpcxpresso1347\board.h","BBA289ABD0B554A3E78D981C958D36B0BAD4147B8B179C66B09AE2D05E97D147"
"components\espressif__tinyusb\hw\bsp\lpc13\boards\lpcxpresso1347\board.mk","4AA823D19D6995CEFAB3321CB54F4FF71483761A55EAE94FD58BB2B9E1BE2DD6"
"components\espressif__tinyusb\hw\bsp\lpc13\boards\lpcxpresso1347\lpc1347.ld","0A6B49912C6304578EA2653BE836874E81FB400E402ED6B2DA0838E0703DABB7"
"components\espressif__tinyusb\hw\bsp\lpc13\FreeRTOSConfig\FreeRTOSConfig.h","CD6DC41EC2783932EA2E5AD83719B288883E1E3B3B36E56F0CC9A531E2E0E31C"
"components\espressif__tinyusb\hw\bsp\lpc15\family.c","2739F05B1852A0B3227476C693B44C4CEB37442BB68E9CE126D7F7116045670D"
"components\espressif__tinyusb\hw\bsp\lpc15\family.cmake","720C36C32058566DBFDA571347B41B1F644877466FB3166916D2226E2541D8B8"
"components\espressif__tinyusb\hw\bsp\lpc15\family.mk","DD066AC8994E4BDEA97D3E1D41A0C1735FA45750E5C8BE8BB0642A120114EE94"
"components\espressif__tinyusb\hw\bsp\lpc15\boards\lpcxpresso1549\board.cmake","785EDB8811C2B90CFD88D5E8F221BA50DC02EF250B4D9DF19CB3AB79FD81C291"
"components\espressif__tinyusb\hw\bsp\lpc15\boards\lpcxpresso1549\board.h","DAA76056038E5313812FFBAA80AFE64023463F8C18F293FEC53E5D144F1C9B1D"
"components\espressif__tinyusb\hw\bsp\lpc15\boards\lpcxpresso1549\board.mk","736AAF337CCFEC0C0368B7019B603575B657709BDB10D78EE093FECD10A972AA"
"components\espressif__tinyusb\hw\bsp\lpc15\boards\lpcxpresso1549\lpc1549.ld","5F4FD1034D86B014B35BB3FFFBB47635295BA3F22C3325D5B76F6E9D1B19078E"
"components\espressif__tinyusb\hw\bsp\lpc15\FreeRTOSConfig\FreeRTOSConfig.h","04EEAF8EA62EC9C19D0935628723D6D476BEACAA72C3190F7564E6E9D076CBD0"
"components\espressif__tinyusb\hw\bsp\lpc17\family.c","2E3D961EC12734240527EC6CAD7EBBF44A7F2724A6E625FCF1A73C3A1CB74EAD"
"components\espressif__tinyusb\hw\bsp\lpc17\family.cmake","66153387041694B5DE34821EE64D93747AE59C323689B464419B81329E67222C"
"components\espressif__tinyusb\hw\bsp\lpc17\family.mk","D1717BAC36F5525F320ECF0F50783EB63F30B0DE283898FE1579ACD61C7B7302"
"components\espressif__tinyusb\hw\bsp\lpc17\boards\lpcxpresso1769\board.cmake","1918B1172F0A6323B9C97B985EA97D597B085E4411698B63E31D11AAFED59759"
"components\espressif__tinyusb\hw\bsp\lpc17\boards\lpcxpresso1769\board.h","A5BC0455F1EEEDC1C41E2431D6313CB63937ED11316FD370262D91EF8B9D3361"
"components\espressif__tinyusb\hw\bsp\lpc17\boards\lpcxpresso1769\board.mk","6307BBD0A70854291733B89D265B43B9FF57FC56490C368DF48258CAFE9C7AEB"
"components\espressif__tinyusb\hw\bsp\lpc17\boards\lpcxpresso1769\lpc1769.ld","F86AB34DF88AC1E49EB498D6CF55D098329A846153C38C6DC0A382F7D1BF823C"
"components\espressif__tinyusb\hw\bsp\lpc17\boards\mbed1768\board.cmake","0ACE2089F29314716509C2B9E4EB2D69D32061D8F61A72B3B6C14101F193CD96"
"components\espressif__tinyusb\hw\bsp\lpc17\boards\mbed1768\board.h","CAC2B970632D96B6BAD9337C98D59C97C66745A6E7D3FCEB422517C7C7C40C39"
"components\espressif__tinyusb\hw\bsp\lpc17\boards\mbed1768\board.mk","36B2F7F700E1EB14B25F9C310E7B736A5FF2EF81E982F2150AB7B58C081B694B"
"components\espressif__tinyusb\hw\bsp\lpc17\boards\mbed1768\lpc1768.ld","F86AB34DF88AC1E49EB498D6CF55D098329A846153C38C6DC0A382F7D1BF823C"
"components\espressif__tinyusb\hw\bsp\lpc17\FreeRTOSConfig\FreeRTOSConfig.h","03A4D1D6D6508D04DBB5948FF468EAC5362B9A79406B1CB84A1518A026CC72BD"
"components\espressif__tinyusb\hw\bsp\lpc18\family.c","C97FA17FC19E0FF7DDB2E2DCAA47A9269E97F30BB686837EEA2CE2702B081693"
"components\espressif__tinyusb\hw\bsp\lpc18\family.cmake","94B94720C19BA6C58E2B310C52BBA3922667CA40503075687D040FE11A2D17D6"
"components\espressif__tinyusb\hw\bsp\lpc18\family.mk","A6B864BAFB539E75E58EE1DE825C4F3F0603298D82CDC080074C66E2E4DBBC5B"
"components\espressif__tinyusb\hw\bsp\lpc18\boards\lpcxpresso18s37\board.cmake","C13F9100A24AFA6DE2BA5A6B80DCCE5DD3ED2900A82B37A3C704F298F37F284A"
"components\espressif__tinyusb\hw\bsp\lpc18\boards\lpcxpresso18s37\board.h","3A00209C9896211C763B2D0AF664DDE8E2530C3E94535DBCBD40AD6381FAD808"
"components\espressif__tinyusb\hw\bsp\lpc18\boards\lpcxpresso18s37\board.mk","4D4BA313698A7634346845537E9C0715F5A81F8FEC45E3D7EFA9A15F5E667A4B"
"components\espressif__tinyusb\hw\bsp\lpc18\boards\lpcxpresso18s37\lpc1837.ld","BBDC04E17EC6DDBB5904DEE350999BE75C3A6F3647BE4B496B135523CD19CF62"
"components\espressif__tinyusb\hw\bsp\lpc18\boards\mcb1800\board.cmake","D6B81B90E882C2F0C76DEF00ED34CB35F1ACD4247BB45A656D8C0AFB7CD01F39"
"components\espressif__tinyusb\hw\bsp\lpc18\boards\mcb1800\board.h","A479B90018CCBDAB03040EDC682610340B4BA1A5035F4B499F3D28C366134930"
"components\espressif__tinyusb\hw\bsp\lpc18\boards\mcb1800\board.mk","59D2D0562A87CE5539351DAF0B1298527A054C96F148B3DFAE4FD0C57F204D81"
"components\espressif__tinyusb\hw\bsp\lpc18\boards\mcb1800\lpc1857.ld","E5081630E67FD78980B677FEE6311DC947786F9D56B9CF98D2D79A0A1420C95F"
"components\espressif__tinyusb\hw\bsp\lpc18\boards\mcb1800\ozone\lpc1857.jdebug","30515EC2F400BE5F6E1D5627D0819B11A9D84E57E23FCB4BA1FF90FC37EABBBA"
"components\espressif__tinyusb\hw\bsp\lpc18\FreeRTOSConfig\FreeRTOSConfig.h","201366DDAF18819F25B2AB0C194307047B5AE1D70886456973DD2A613704CBC7"
"components\espressif__tinyusb\hw\bsp\lpc40\family.c","5C708671DA3BF65AAF35A857007BED65B3A54016AE719F8D5D79B6710865E240"
"components\espressif__tinyusb\hw\bsp\lpc40\family.cmake","81F3EA6389DB31788C5D784CB0AAA61DC5601C4C5096F1B56196FE29B6795873"
"components\espressif__tinyusb\hw\bsp\lpc40\family.mk","054B32957B68510223A9EF751A1253CC11BE2360544A132E60B81985F1E108FA"
"components\espressif__tinyusb\hw\bsp\lpc40\boards\ea4088_quickstart\board.cmake","100D58AD2CC15B654FC2AA1A7D7D295089AD3AB80D0D8E1EE9B40111DCD1A37A"
"components\espressif__tinyusb\hw\bsp\lpc40\boards\ea4088_quickstart\board.h","DA0CBE408AEF4857464F3C2231A2C80C9BAFB3DD78FED985EEA83D4B2E643A8E"
"components\espressif__tinyusb\hw\bsp\lpc40\boards\ea4088_quickstart\board.mk","24230B0D81A4CD560BF79E9601FF5438ECB723366741411653F38AD358A49A08"
"components\espressif__tinyusb\hw\bsp\lpc40\boards\ea4088_quickstart\lpc4088.ld","CB72CBE8F8886DBA5B26365027E7974DDF64A09317ED59FF64A535A4BA6B434F"
"components\espressif__tinyusb\hw\bsp\lpc40\boards\ea4088_quickstart\ozone\ea4088_quickstart.jdebug","96A93321317683B8B4408444281EB5FE90CC39E92D2ECEBC701068EDD8360A70"
"components\espressif__tinyusb\hw\bsp\lpc40\FreeRTOSConfig\FreeRTOSConfig.h","4372400EB93AB6D95211A1DE7150484B0B8635DE3790DECE566774C85E788C7B"
"components\espressif__tinyusb\hw\bsp\lpc43\family.c","22A298E6A5BF1A3D377F618D444D5EBEB768E3265F7075BBF6EA90C2F14E7D19"
"components\espressif__tinyusb\hw\bsp\lpc43\family.cmake","A0A91D3BC53670B20038D0CE786FBEE30CAD11D185C747986EBF2493BEF441BE"
"components\espressif__tinyusb\hw\bsp\lpc43\family.mk","BD73FB8E04849CD80D7338BE49EDD78C265D1B719EDB940E9C082A12B1466B27"
"components\espressif__tinyusb\hw\bsp\lpc43\boards\ea4357\board.cmake","063043922CBBEB3742FC50DB4FAB904FB6A5F3C9BA9107B04CB62E221333A27C"
"components\espressif__tinyusb\hw\bsp\lpc43\boards\ea4357\board.h","0DF4D38E9EB6B2335584BB961F9DE39604138CB49AAD1BA25133F572D96A4501"
"components\espressif__tinyusb\hw\bsp\lpc43\boards\ea4357\board.mk","FA4B381957D5957FCF02FE7CC1C05948ACC5AD62EFC96A7652A069E676FE6E6B"
"components\espressif__tinyusb\hw\bsp\lpc43\boards\ea4357\lpc4357.ld","29E36273DA7BD7E49905861A4426944854F9969871836BF1F42F8343A920F21B"
"components\espressif__tinyusb\hw\bsp\lpc43\boards\ea4357\pca9532.c","642F2DAD08E3D178C92E8BBA136C2F88148CDF78E779AEBE8AA8D6A8279ACE47"
"components\espressif__tinyusb\hw\bsp\lpc43\boards\ea4357\pca9532.h","DE168F125DC16358736B5503992DEABCD98F8016D6EE5C488D11DC9912C473EE"
"components\espressif__tinyusb\hw\bsp\lpc43\boards\lpcxpresso43s67\board.cmake","05A5404D3D49552045448D89B38DDFA34306C8E3ECA3A3D6A03A913A8099997F"
"components\espressif__tinyusb\hw\bsp\lpc43\boards\lpcxpresso43s67\board.h","B7A22388C742BAC63AAB85D5C942F086E510B40642ECDB78135337F0550E70B0"
"components\espressif__tinyusb\hw\bsp\lpc43\boards\lpcxpresso43s67\board.mk","C8A12F6C07F85FD52433A228EF4CB293FB34B8D26EE6AB5F162875C4C9B52587"
"components\espressif__tinyusb\hw\bsp\lpc43\boards\lpcxpresso43s67\lpc4367.ld","6FB89C47DB0BD9D9F5E959A793AE690828BC683B26EDEF384ECB8B4C3AEBE684"
"components\espressif__tinyusb\hw\bsp\lpc43\FreeRTOSConfig\FreeRTOSConfig.h","201366DDAF18819F25B2AB0C194307047B5AE1D70886456973DD2A613704CBC7"
"components\espressif__tinyusb\hw\bsp\lpc51\family.c","DDCFB54D4ED56B1F93380040E9F9865F0D7A1C7EE0F51F0E29B061F1A13CB418"
"components\espressif__tinyusb\hw\bsp\lpc51\family.cmake","3D0A8210B576A1F77440F043D5D82809865F08B6585CACAC83CE00CF885BFD76"
"components\espressif__tinyusb\hw\bsp\lpc51\family.mk","193A49F7FDDE75B5B4BE97EEB84E2588324192A499502D8E0058FDECE4C37EEC"
"components\espressif__tinyusb\hw\bsp\lpc51\boards\lpcxpresso51u68\board.cmake","E7165BD3806F00D54C80D4AC66961AF999FC10060A235F3FC0D465139FED5E2C"
"components\espressif__tinyusb\hw\bsp\lpc51\boards\lpcxpresso51u68\board.h","74E2C877B6FF9441964B615268A7ED00B81A061583C4FD597862BED66D0BC9A1"
"components\espressif__tinyusb\hw\bsp\lpc51\boards\lpcxpresso51u68\board.mk","F145322212AC11857701AD6C222B97D9EFD6A420DC89A529E2F29C49E1787DB1"
"components\espressif__tinyusb\hw\bsp\lpc51\FreeRTOSConfig\FreeRTOSConfig.h","1706D4994CF91C5AE85069E1D0B0287932C959A343BBC00F0F5023D4941CCBFD"
"components\espressif__tinyusb\hw\bsp\lpc54\family.c","D2C10FFED1B72F37641D0B0D673A7794DFE2E40E16225C6CA634F4114BDD3344"
"components\espressif__tinyusb\hw\bsp\lpc54\family.cmake","91D412822E8A044A8B811C5F2167E71A33032B434AAD909847577D4D5B469776"
"components\espressif__tinyusb\hw\bsp\lpc54\family.mk","C79EF1448232F3C9D2344BE5E9DE06F99AC0B4C04BDFC0ACF1740D9E08848D4E"
"components\espressif__tinyusb\hw\bsp\lpc54\boards\lpcxpresso54114\board.cmake","262E8AD661195FA6FE6AEAE86EB367B925468B1409DD394F580EF7E1287E784C"
"components\espressif__tinyusb\hw\bsp\lpc54\boards\lpcxpresso54114\board.h","6D793114B19F641C15E36B7446447775C36ED547DF263B4FC9F8A479738F7A08"
"components\espressif__tinyusb\hw\bsp\lpc54\boards\lpcxpresso54114\board.mk","6BCB749548AA86F6B2C376A133B55A431FC8693BCD70A9FBDD95325EAA2E0960"
"components\espressif__tinyusb\hw\bsp\lpc54\boards\lpcxpresso54608\board.cmake","FCEB679E1A6FEC1819EB3941CBB0FA7310F3FB55747A3FBB2AF9463BD31FF11C"
"components\espressif__tinyusb\hw\bsp\lpc54\boards\lpcxpresso54608\board.h","672094DFC21575F704137B694B235DA52033590B49C69D9966F4C764E6197A0E"
"components\espressif__tinyusb\hw\bsp\lpc54\boards\lpcxpresso54608\board.mk","371735173CCC4048B633D1D7B8F1C6FD187E5CDB4D10D61B896EE3C32B3CB3F1"
"components\espressif__tinyusb\hw\bsp\lpc54\boards\lpcxpresso54628\board.cmake","CD6798FE6ECC1DB8331332D64F5478999574E35930C95CFB6461C037009EAB15"
"components\espressif__tinyusb\hw\bsp\lpc54\boards\lpcxpresso54628\board.h","43BFFB6180D7127CC064897CCD80210AB5EA2F5722A1A0E53834092F1AF4BA00"
"components\espressif__tinyusb\hw\bsp\lpc54\boards\lpcxpresso54628\board.mk","6F4FB41DEF3A1DC73DB1E4349A6E26D937D609DA7C31B5498775C22624028258"
"components\espressif__tinyusb\hw\bsp\lpc54\FreeRTOSConfig\FreeRTOSConfig.h","952CFA830950AE0CF6704D113FCDFDFD2E8D09295ED25562B80B99313E07747B"
"components\espressif__tinyusb\hw\bsp\lpc55\family.c","63377AF5072CB1A3EA725AEBD6561B4DFD083606B491387A2D413A567C198208"
"components\espressif__tinyusb\hw\bsp\lpc55\family.cmake","1EA93DC201C21D4025314726BB5AE88AD5521709D611D685B7FDC8084C2F1B22"
"components\espressif__tinyusb\hw\bsp\lpc55\family.mk","ACCE135F1D1ED79AAAA3C3B6C6E6EE5966E4FF0407DF37CDFFBCC0EE030BC82F"
"components\espressif__tinyusb\hw\bsp\lpc55\boards\double_m33_express\board.cmake","CB9397A54D65DF1EACB4533A7BC7242F14C44BD8376B6216AF91100EF0D1139E"
"components\espressif__tinyusb\hw\bsp\lpc55\boards\double_m33_express\board.h","FD02A0DE725BED15A4FE923C0BB906A67FD047CD1734ACD81C4C0D5D5EF8AFBF"
"components\espressif__tinyusb\hw\bsp\lpc55\boards\double_m33_express\board.mk","48C4F720818678C460C1F3569E2661E9B53474FB994AFEE571AD208F16DE739D"
"components\espressif__tinyusb\hw\bsp\lpc55\boards\double_m33_express\LPC55S69_cm33_core0_uf2.ld","9EF7A7306B0DE78EFE19F619C6C4C0D7D985E5CFBFD5E23BBD95CF6EBDEA1621"
"components\espressif__tinyusb\hw\bsp\lpc55\boards\lpcxpresso55s28\board.cmake","996CFDC3F947C395ED8DCE83A4FD63E44532A63A31BF26CAA33A5B5D12DDDE82"
"components\espressif__tinyusb\hw\bsp\lpc55\boards\lpcxpresso55s28\board.h","B88062B9E0599BE8E6A41ECB670764933BAFF39D0C0CDCAF4A9484E7FFD451D3"
"components\espressif__tinyusb\hw\bsp\lpc55\boards\lpcxpresso55s28\board.mk","676293DD2CAEEE577AEC36E61972722B2D29B6EAC5B592B4A97D9D8DB5956673"
"components\espressif__tinyusb\hw\bsp\lpc55\boards\lpcxpresso55s69\board.cmake","949B12E0CF9B37BD3E9BCD3AF8A85067A62CA0B2355489532689AF916B805B5B"
"components\espressif__tinyusb\hw\bsp\lpc55\boards\lpcxpresso55s69\board.h","FE9EED94B54DA4575FEDE77FB1374A932A6813F87B4941CAE5D17A2221E71995"
"components\espressif__tinyusb\hw\bsp\lpc55\boards\lpcxpresso55s69\board.mk","879CF2B813ED97236B3125056D4EBF1CDC70375722644A243046C09208ACF306"
"components\espressif__tinyusb\hw\bsp\lpc55\boards\mcu_link\board.cmake","CEE944948E1F3DFC0A585D527A5E933971F8001A0505CCC460D498A0AAD21659"
"components\espressif__tinyusb\hw\bsp\lpc55\boards\mcu_link\board.h","F4B8989F2A046AD9D6300F8D5A6338AC8C1DDFAF52FB58635A34E71E00BD9275"
"components\espressif__tinyusb\hw\bsp\lpc55\boards\mcu_link\board.mk","5816A6DF671CA3C7FC80AD93E507116D3D1178CE0A62BC1F2A821C1699F76294"
"components\espressif__tinyusb\hw\bsp\lpc55\FreeRTOSConfig\FreeRTOSConfig.h","42F99388040C6D127A39FC2DB7D83B38C1674497022E7994E13D290F1F8E2F0A"
"components\espressif__tinyusb\hw\bsp\max32650\family.c","30323800996799F817E0E541B7D7035DA7A256D28D7705542D548D5722257553"
"components\espressif__tinyusb\hw\bsp\max32650\family.cmake","7F7377B52A93F263CD796C5E09725B9D1F8AD66BEDB4A3DBE95F0B7D7D625F02"
"components\espressif__tinyusb\hw\bsp\max32650\family.mk","E9D4597D9B7066A24065D681476E35F211006F6CDD43E8D8059EA577C6812D26"
"components\espressif__tinyusb\hw\bsp\max32650\README.md","24356F7D47061365DEB80B578E04BAE72D2061E91A7FF6DEC8DD6BA01D0E47ED"
"components\espressif__tinyusb\hw\bsp\max32650\boards\max32650evkit\board.cmake","2A05E4B220F7BEE3289E63BAF82443D7596B469418301E94A80878D150E9202C"
"components\espressif__tinyusb\hw\bsp\max32650\boards\max32650evkit\board.h","ED9213D1C19DBD3918C3FEA1D789A161A79A163F49B41EC194DEB2DBB29C6634"
"components\espressif__tinyusb\hw\bsp\max32650\boards\max32650evkit\board.mk","2E50003FA05CC2290C9B48FA97CEF06824CCFC3D25F96023561711F93137E549"
"components\espressif__tinyusb\hw\bsp\max32650\boards\max32650evkit\max32650.ld","2D7E7566E9F0808EC076678F10685E49F46188541EDD7355C207F902F4581EF7"
"components\espressif__tinyusb\hw\bsp\max32650\boards\max32650fthr\board.cmake","2A05E4B220F7BEE3289E63BAF82443D7596B469418301E94A80878D150E9202C"
"components\espressif__tinyusb\hw\bsp\max32650\boards\max32650fthr\board.h","81F61EC342339EE7751EE4372BBDC8109DB9B7414691F2608CE3E71961C90AAD"
"components\espressif__tinyusb\hw\bsp\max32650\boards\max32650fthr\board.mk","2E50003FA05CC2290C9B48FA97CEF06824CCFC3D25F96023561711F93137E549"
"components\espressif__tinyusb\hw\bsp\max32650\boards\max32650fthr\max32650.ld","2D7E7566E9F0808EC076678F10685E49F46188541EDD7355C207F902F4581EF7"
"components\espressif__tinyusb\hw\bsp\max32650\boards\max32651evkit\board.cmake","2FA4F4CD702F5B463A831831D8CB374004F92ED361C93ADC725FB2698D2F6ADA"
"components\espressif__tinyusb\hw\bsp\max32650\boards\max32651evkit\board.h","687320C76F3E9FE12EE066885BD4638F556924D60CB8921F209667CE81716A67"
"components\espressif__tinyusb\hw\bsp\max32650\boards\max32651evkit\board.mk","86DA0A0A4572ADAB241D21B92C85CEF135C6A5B23BF92FB2DD90835108D7542D"
"components\espressif__tinyusb\hw\bsp\max32650\boards\max32651evkit\max32651.ld","380995C7FB10DBA36CAB5E0E790846365DEEFC340C7375187B19191758101818"
"components\espressif__tinyusb\hw\bsp\max32650\FreeRTOSConfig\FreeRTOSConfig.h","2319644827241EB4974773137C345F30E473D67FC507BF00DC2E9BCA0A2BB210"
"components\espressif__tinyusb\hw\bsp\max32666\family.c","B065D7CB038016AD87CB7BAC010353AC208B2C7353A72916555933B970AF221A"
"components\espressif__tinyusb\hw\bsp\max32666\family.cmake","CBC5B97579BDE3289135D3F34783D0C17C351034AA5014B2122E5EAAA57FCDD7"
"components\espressif__tinyusb\hw\bsp\max32666\family.mk","DEDA49B47AF162C87BA7AAD928A5EA891BDE1277341D4F58A6F2DAC5FBBFD560"
"components\espressif__tinyusb\hw\bsp\max32666\max32666.ld","FFBE4333CCA1D90C8D2232DB251953149C6DB1C0E417933A9EE6CCB5FA2A053C"
"components\espressif__tinyusb\hw\bsp\max32666\README.md","A7CF96AAB42F12677C37D3DADEE1696D7753EACA61FEE2463C429CD6E162B1B8"
"components\espressif__tinyusb\hw\bsp\max32666\boards\max32666evkit\board.cmake","4253B4662C33655D36E13B7B329451530D859EDDD8F83C6FFDE992E769D72AC5"
"components\espressif__tinyusb\hw\bsp\max32666\boards\max32666evkit\board.h","569B04C9DFB135C22DEC28322D3CA2A0433188F4812F3C33F4EC055CDAB034E7"
"components\espressif__tinyusb\hw\bsp\max32666\boards\max32666evkit\board.mk","C76B10AA4D43D42D0BFA9A18E574430B57F61260A49A129CE6A761AF1881535F"
"components\espressif__tinyusb\hw\bsp\max32666\boards\max32666fthr\board.cmake","4253B4662C33655D36E13B7B329451530D859EDDD8F83C6FFDE992E769D72AC5"
"components\espressif__tinyusb\hw\bsp\max32666\boards\max32666fthr\board.h","B5EAA69D298F8E5B14BB5A8DDAF47219AE44ECA757687CD2A46A0B5A9E455B7F"
"components\espressif__tinyusb\hw\bsp\max32666\boards\max32666fthr\board.mk","C76B10AA4D43D42D0BFA9A18E574430B57F61260A49A129CE6A761AF1881535F"
"components\espressif__tinyusb\hw\bsp\max32666\FreeRTOSConfig\FreeRTOSConfig.h","2319644827241EB4974773137C345F30E473D67FC507BF00DC2E9BCA0A2BB210"
"components\espressif__tinyusb\hw\bsp\max32690\family.c","BCB2F5109E1E578FEB8DCE7BE1566C9DDE3B737F57AF4CB6B02E56F698E07765"
"components\espressif__tinyusb\hw\bsp\max32690\family.cmake","72FA56A99AA7BF2733B98D22A15C55CD8A0AA9EDC4D727895022AA0BAFAB0452"
"components\espressif__tinyusb\hw\bsp\max32690\family.mk","DA8D651F75EAC147B516CD4A371E336A9812E2348C96FB7AEC56E075915853D8"
"components\espressif__tinyusb\hw\bsp\max32690\max32690.ld","78DFC1F77AEE56E645FF52997408BCBB0CD2B24487409B8807518D0BA8995902"
"components\espressif__tinyusb\hw\bsp\max32690\README.md","631930F2976DFC8B0E47695A51D8A34B8E0C913A00E8F63154D48A223E3BE5DD"
"components\espressif__tinyusb\hw\bsp\max32690\boards\apard32690\board.cmake","4253B4662C33655D36E13B7B329451530D859EDDD8F83C6FFDE992E769D72AC5"
"components\espressif__tinyusb\hw\bsp\max32690\boards\apard32690\board.h","CAE55FB3D71ABA2453F72A5AE7A9802DCDC0EC7E9FB9A4E4811BB856800AE87A"
"components\espressif__tinyusb\hw\bsp\max32690\boards\apard32690\board.mk","C76B10AA4D43D42D0BFA9A18E574430B57F61260A49A129CE6A761AF1881535F"
"components\espressif__tinyusb\hw\bsp\max32690\boards\max32690evkit\board.cmake","4253B4662C33655D36E13B7B329451530D859EDDD8F83C6FFDE992E769D72AC5"
"components\espressif__tinyusb\hw\bsp\max32690\boards\max32690evkit\board.h","4D9A3FC8568F211B5653D3180FB3D47B93DA0401F9654AD75E0D009577F08F4B"
"components\espressif__tinyusb\hw\bsp\max32690\boards\max32690evkit\board.mk","C76B10AA4D43D42D0BFA9A18E574430B57F61260A49A129CE6A761AF1881535F"
"components\espressif__tinyusb\hw\bsp\max32690\FreeRTOSConfig\FreeRTOSConfig.h","2319644827241EB4974773137C345F30E473D67FC507BF00DC2E9BCA0A2BB210"
"components\espressif__tinyusb\hw\bsp\max78002\family.c","EBBD5AEC8DB445A78396E7D0B29321B4ECC0B3929DCBBA712285A09E9E8AD073"
"components\espressif__tinyusb\hw\bsp\max78002\family.cmake","B666F7F333A5F6E50AF3215BD056BE89338BA5456239B1B56E42FBE236AEF8FE"
"components\espressif__tinyusb\hw\bsp\max78002\family.mk","5EC51B4F7483BCDC74C27C6C896017580E140181064CD17DFDEECFB2CD57B768"
"components\espressif__tinyusb\hw\bsp\max78002\max78002.ld","7A4A230E087132405F26FEF9895E3B0391D67A2412E8F3D9B20C524057F1BE81"
"components\espressif__tinyusb\hw\bsp\max78002\README.md","5048289B1B4DEFC19FDD41F63E4814074A7425C267D95A63EC5801BF3B32A236"
"components\espressif__tinyusb\hw\bsp\max78002\boards\max78002evkit\board.cmake","4253B4662C33655D36E13B7B329451530D859EDDD8F83C6FFDE992E769D72AC5"
"components\espressif__tinyusb\hw\bsp\max78002\boards\max78002evkit\board.h","508D1A6B11C634D2A77767A7B77094D928598A2996E9ECF4FE0A0CC06C7A1FF4"
"components\espressif__tinyusb\hw\bsp\max78002\boards\max78002evkit\board.mk","C76B10AA4D43D42D0BFA9A18E574430B57F61260A49A129CE6A761AF1881535F"
"components\espressif__tinyusb\hw\bsp\max78002\FreeRTOSConfig\FreeRTOSConfig.h","2319644827241EB4974773137C345F30E473D67FC507BF00DC2E9BCA0A2BB210"
"components\espressif__tinyusb\hw\bsp\mcx\debug.jlinkscript","872E36A0D74DCA001A10C7C915F0428476237EF2BA05D6846592847BCBF76700"
"components\espressif__tinyusb\hw\bsp\mcx\family.c","862C5903D2B1A19BF3D4B900B27740911E3C0C1E42BD0C09518D777EB4E95123"
"components\espressif__tinyusb\hw\bsp\mcx\family.cmake","7DC141B5B11C6B97AE894DB7C2808D4304246DF6EBC88630090BA2431DEF1039"
"components\espressif__tinyusb\hw\bsp\mcx\family.mk","E8317C704DF60AD704E9481835A3E77D93747026810B173513A4ADAA5F55E77F"
"components\espressif__tinyusb\hw\bsp\mcx\boards\frdm_mcxa153\board.cmake","DC6F0B48A75B04DAC2E0A3C03D4BB63F62DDE8A84D9135EE79E02C284495C8B2"
"components\espressif__tinyusb\hw\bsp\mcx\boards\frdm_mcxa153\board.h","842622C1D089B2B784CEA4FC7E1F824167910C5F6FD7F02ACE8D7ECF4A57965D"
"components\espressif__tinyusb\hw\bsp\mcx\boards\frdm_mcxa153\board.mk","C74EB727E29AF277FF79062C7257449A2677725109BFC2D56401CB0F3C854367"
"components\espressif__tinyusb\hw\bsp\mcx\boards\frdm_mcxa153\clock_config.c","C7FFD5DBE40BB158328433F41AF389F602152906000C23C07DB16180AC41A7CE"
"components\espressif__tinyusb\hw\bsp\mcx\boards\frdm_mcxa153\clock_config.h","939632BB89778CD258C5AA27510475F066750884B8608DA2FDAE02F9A6D0C64F"
"components\espressif__tinyusb\hw\bsp\mcx\boards\frdm_mcxa153\pin_mux.c","0B5C5E5EED34064AB6256515B3FD6E5B36903EF198194521CAE3AE5C878C2C4A"
"components\espressif__tinyusb\hw\bsp\mcx\boards\frdm_mcxa153\pin_mux.h","CB8AC42A3FA3759DB060AA4658A007C2ABF51D967F3C0CAB607F3982DDA43174"
"components\espressif__tinyusb\hw\bsp\mcx\boards\frdm_mcxn947\board.cmake","A81BE95170C5AF98A97BFDC70231D89C0351A86682E7C8A5C3ABFC026817942B"
"components\espressif__tinyusb\hw\bsp\mcx\boards\frdm_mcxn947\board.h","AD504B247E99412705ED943BF6BE153934E8CFD0813D4989D5944D6494B7501D"
"components\espressif__tinyusb\hw\bsp\mcx\boards\frdm_mcxn947\board.mk","4B603D1895C0CA0DB9432BC96756A85D7121FF518EB584619DB40D64EA5E1CC1"
"components\espressif__tinyusb\hw\bsp\mcx\boards\frdm_mcxn947\clock_config.c","C4DC77602374EC23B964CE47297361DDEEDB46B2DDDE4AAC51363DF316D6618B"
"components\espressif__tinyusb\hw\bsp\mcx\boards\frdm_mcxn947\clock_config.h","331F11113CB0875AE9DB013364BCB2E77127FB82D5E8677BB7C77DDFB386680E"
"components\espressif__tinyusb\hw\bsp\mcx\boards\frdm_mcxn947\pin_mux.c","511C6DB8C70287D9ABA1A788A0EF4C81CF10E97E985BD07A7E799313CC07EA15"
"components\espressif__tinyusb\hw\bsp\mcx\boards\frdm_mcxn947\pin_mux.h","2FF0E5409770A1E630738AAAADB1FA519226CB47F3BC6D792A82B1804FB1C4F2"
"components\espressif__tinyusb\hw\bsp\mcx\boards\mcxn947brk\board.cmake","A81BE95170C5AF98A97BFDC70231D89C0351A86682E7C8A5C3ABFC026817942B"
"components\espressif__tinyusb\hw\bsp\mcx\boards\mcxn947brk\board.h","F2010C3452A83952A627113E26F7398D758631010F1E250D7DC157F13BB79EE5"
"components\espressif__tinyusb\hw\bsp\mcx\boards\mcxn947brk\board.mk","4B603D1895C0CA0DB9432BC96756A85D7121FF518EB584619DB40D64EA5E1CC1"
"components\espressif__tinyusb\hw\bsp\mcx\boards\mcxn947brk\clock_config.c","C4DC77602374EC23B964CE47297361DDEEDB46B2DDDE4AAC51363DF316D6618B"
"components\espressif__tinyusb\hw\bsp\mcx\boards\mcxn947brk\clock_config.h","331F11113CB0875AE9DB013364BCB2E77127FB82D5E8677BB7C77DDFB386680E"
"components\espressif__tinyusb\hw\bsp\mcx\boards\mcxn947brk\pin_mux.c","E351701F5AE58F54A9F07C755B8F4A7AEA1AAE457413E2C4357BBBEFCCC06885"
"components\espressif__tinyusb\hw\bsp\mcx\boards\mcxn947brk\pin_mux.h","2FF0E5409770A1E630738AAAADB1FA519226CB47F3BC6D792A82B1804FB1C4F2"
"components\espressif__tinyusb\hw\bsp\mcx\FreeRTOSConfig\FreeRTOSConfig.h","BF4E53D6A50EADB88FD1948772DA4B25BCA1FB1389FA68D47855CA186F4388AF"
"components\espressif__tinyusb\hw\bsp\mm32\family.c","519385C57E5B4D023FA5676AA6B81F3F2DAD4DCCB9D1328F2693DA1E1269F64D"
"components\espressif__tinyusb\hw\bsp\mm32\family.cmake","8057BC67D2E79E8F6A037F313B0E0D1ECDD9170A974B84AF0FBDD50BF76F84C2"
"components\espressif__tinyusb\hw\bsp\mm32\family.mk","3DD2116165992120684EB2CE9B91E8C9CA8290892944F12D119926FDED476C2A"
"components\espressif__tinyusb\hw\bsp\mm32\boards\mm32f327x_mb39\board.cmake","1A8CFA4DA68B9052A6C1DEF41C362C6E670A321BD4B2DC06788F3801832D4999"
"components\espressif__tinyusb\hw\bsp\mm32\boards\mm32f327x_mb39\board.h","811809203CE8AF638D7C43A8FAF62C1D57CFAE8E218E1D59C931C51429887CAD"
"components\espressif__tinyusb\hw\bsp\mm32\boards\mm32f327x_mb39\board.mk","4E7A94D4496B445A903830C128F86B149E1746F64DADF22AF536D37F7C94EE36"
"components\espressif__tinyusb\hw\bsp\mm32\boards\mm32f327x_mb39\flash.ld","8568FAE9A42E3641825566E14469080AA8036C97F387AE14842209C608CCEEC0"
"components\espressif__tinyusb\hw\bsp\mm32\boards\mm32f327x_pitaya_lite\board.cmake","430FA4AF293ABB9DE84FD51BAA3BFEEDA412C973B7E06BBEF22BF02A4D86DD2E"
"components\espressif__tinyusb\hw\bsp\mm32\boards\mm32f327x_pitaya_lite\board.h","3067BC4CC0F098599A04845739CA1BADD2888EE17C720290BE1805DB4018CDDF"
"components\espressif__tinyusb\hw\bsp\mm32\boards\mm32f327x_pitaya_lite\board.mk","0430DCCB76FD0FEE771A94CD56F894CAC1DF64A3A686C6D4AA0580F158B7E702"
"components\espressif__tinyusb\hw\bsp\mm32\boards\mm32f327x_pitaya_lite\flash.ld","8568FAE9A42E3641825566E14469080AA8036C97F387AE14842209C608CCEEC0"
"components\espressif__tinyusb\hw\bsp\mm32\FreeRTOSConfig\FreeRTOSConfig.h","04656430C34E575216965242F801E2078699E0E0E0F72C4C8862FD35CC2F6880"
"components\espressif__tinyusb\hw\bsp\msp430\family.c","2D74CD53CFE6F41C9912D7B8F9AD0485B9DB7883908DCE69F2A6104037566045"
"components\espressif__tinyusb\hw\bsp\msp430\family.cmake","A5B1B0024B8012D45E82397D26892A0C9576E9447FA8D3B20C6471A5D60B7064"
"components\espressif__tinyusb\hw\bsp\msp430\family.mk","3B634EC9012A8666B1B3717833EA8EDBB6B70F845C1CC076E360451B6D922104"
"components\espressif__tinyusb\hw\bsp\msp430\boards\msp_exp430f5529lp\board.cmake","C36A1B17BA127EE9143265D5AC037CEB65D4CACB71ACBFD367164FECE1C7C9DC"
"components\espressif__tinyusb\hw\bsp\msp430\boards\msp_exp430f5529lp\board.h","C86B9A8288356B4CB7CB7C783B693B5904B479B404B59A87F00B78E87D798F4B"
"components\espressif__tinyusb\hw\bsp\msp430\boards\msp_exp430f5529lp\board.mk","F58C56E6E21C8C70819EB0515FDE52E293D5DCD853034DBCF7B171F52F775650"
"components\espressif__tinyusb\hw\bsp\msp430\FreeRTOSConfig\FreeRTOSConfig.h","9B4B08815EEDF13AF1EE7D41B7213B29EDD4784DC2E1C348565548FAA7FDB1E4"
"components\espressif__tinyusb\hw\bsp\msp432e4\family.c","03D3CFF6FCE43876ACC768C2DBD8521B77CFAA2963C8348D76F59D4D604AC838"
"components\espressif__tinyusb\hw\bsp\msp432e4\family.cmake","24BA77A48E33231C3F0DFD865E19FBB080EDB3EBF2CDC2CD19084267FBEB7B7E"
"components\espressif__tinyusb\hw\bsp\msp432e4\family.mk","75F3E29DD305E9BAB50DEB0E2E7BEA88CCBDC303D332FEBC15DD90A2C7666771"
"components\espressif__tinyusb\hw\bsp\msp432e4\boards\msp_exp432e401y\board.cmake","0FFA70068D3D94038EA736F5FB4EF0D10019FF7B8690F086865136F3FA33298B"
"components\espressif__tinyusb\hw\bsp\msp432e4\boards\msp_exp432e401y\board.h","A6C5BA6C5E4A40A231DD8E461BF15CA55A30C157BA73D3CC175C13BB46EF49EC"
"components\espressif__tinyusb\hw\bsp\msp432e4\boards\msp_exp432e401y\board.mk","86B2AA04BBB4B6F2F3F288110D39F86F81A2D09A0BEA45C93115AED81E6BC39C"
"components\espressif__tinyusb\hw\bsp\msp432e4\FreeRTOSConfig\FreeRTOSConfig.h","D5F4E79AD926635E4FBDF92B1B8C4A78BC00A6AE0B6A2F4AB0FE7DD99BAD6192"
"components\espressif__tinyusb\hw\bsp\nrf\family.c","EE0AF68A5127DD498D64A86BA5AB99A77088A098EA5815AA8384006C37556342"
"components\espressif__tinyusb\hw\bsp\nrf\family.cmake","2C43DCD043BD5BD123907C9521B1FA599161FD6DC8D2EA997DC5A0217AA3BCB5"
"components\espressif__tinyusb\hw\bsp\nrf\family.mk","6906B816265F1537230647B7F1E4A5E196BF92DB20C6C874F4C2B34A70991321"
"components\espressif__tinyusb\hw\bsp\nrf\nrfx_config.h","692AC92B6B4B7C5AB07C70E3F27624CE3C4F36001F0E75E09DCDC70DDC62DC82"
"components\espressif__tinyusb\hw\bsp\nrf\nrfx_glue.h","AA2411983D317F4E12DA69376C4B9AFC2DFB9AE37605937024467CE5D79302A4"
"components\espressif__tinyusb\hw\bsp\nrf\nrfx_log.h","3C673E58F088B8C3E34F6C64025FD195AF1A8E19AA46D422A80778FD5E123A4E"
"components\espressif__tinyusb\hw\bsp\nrf\boards\adafruit_clue\board.cmake","47EDF032AA3DD64F1764A42851E19BC20D47D22C0FC6A34A8CA937924867D293"
"components\espressif__tinyusb\hw\bsp\nrf\boards\adafruit_clue\board.h","60067E38B7EA55265FA447045DBBB620728632A24679C637078EBE0BF0E2835A"
"components\espressif__tinyusb\hw\bsp\nrf\boards\adafruit_clue\board.mk","70BC8C217941D2E3AA145547C922B5EF5D85F300143647FF11BA4CF0786D2F2C"
"components\espressif__tinyusb\hw\bsp\nrf\boards\arduino_nano33_ble\arduino_nano33_ble.ld","BD40A7145B8E0D015B3C3EEFF89688BC7AB38596047ABA0C60DB09E39E78250B"
"components\espressif__tinyusb\hw\bsp\nrf\boards\arduino_nano33_ble\board.cmake","03C04628C3279EF4691DADB87088112290001C1B451A6A716AE5676CC0D77A81"
"components\espressif__tinyusb\hw\bsp\nrf\boards\arduino_nano33_ble\board.h","70327D5C9008867B2F317E554649341E62055DF54303B34AA64E78B75EF82A87"
"components\espressif__tinyusb\hw\bsp\nrf\boards\arduino_nano33_ble\board.mk","B119431569197FFA6161DBABC0B32290606AB907E329249DAE1267F8F577869A"
"components\espressif__tinyusb\hw\bsp\nrf\boards\circuitplayground_bluefruit\board.cmake","47EDF032AA3DD64F1764A42851E19BC20D47D22C0FC6A34A8CA937924867D293"
"components\espressif__tinyusb\hw\bsp\nrf\boards\circuitplayground_bluefruit\board.h","5D4008345322F445CB0DED4E9F922878F6D61F81AFE512AA4FD154244A46027B"
"components\espressif__tinyusb\hw\bsp\nrf\boards\circuitplayground_bluefruit\board.mk","70BC8C217941D2E3AA145547C922B5EF5D85F300143647FF11BA4CF0786D2F2C"
"components\espressif__tinyusb\hw\bsp\nrf\boards\feather_nrf52840_express\board.cmake","1DF8740A171CDB0332896A4604843A04C9CC5C58C35B5391E5ABA6B8FD65F7DD"
"components\espressif__tinyusb\hw\bsp\nrf\boards\feather_nrf52840_express\board.h","402EEB605530D82784502B200D0B4E77859EED15291B74DA868249A89996C0A3"
"components\espressif__tinyusb\hw\bsp\nrf\boards\feather_nrf52840_express\board.mk","FE3F2B9189E6D31F6E84BEFB588A512075DD2A690FAFF97AAA1105ADC843C152"
"components\espressif__tinyusb\hw\bsp\nrf\boards\feather_nrf52840_sense\board.cmake","47EDF032AA3DD64F1764A42851E19BC20D47D22C0FC6A34A8CA937924867D293"
"components\espressif__tinyusb\hw\bsp\nrf\boards\feather_nrf52840_sense\board.h","3B0D67FD902593946A33AC8FC2AE8D5E50A99980CED184B255BD91ED44DF1F76"
"components\espressif__tinyusb\hw\bsp\nrf\boards\feather_nrf52840_sense\board.mk","70BC8C217941D2E3AA145547C922B5EF5D85F300143647FF11BA4CF0786D2F2C"
"components\espressif__tinyusb\hw\bsp\nrf\boards\itsybitsy_nrf52840\board.cmake","47EDF032AA3DD64F1764A42851E19BC20D47D22C0FC6A34A8CA937924867D293"
"components\espressif__tinyusb\hw\bsp\nrf\boards\itsybitsy_nrf52840\board.h","4B2D53DF782E0B316E6C2C264491F67D48E0DC04DFC0096490B7D243EB387FD3"
"components\espressif__tinyusb\hw\bsp\nrf\boards\itsybitsy_nrf52840\board.mk","70BC8C217941D2E3AA145547C922B5EF5D85F300143647FF11BA4CF0786D2F2C"
"components\espressif__tinyusb\hw\bsp\nrf\boards\pca10056\board.cmake","14BCF91D2973A5C53307BE093BF7290B863CC92680F77B00AFE19F4E6C80608F"
"components\espressif__tinyusb\hw\bsp\nrf\boards\pca10056\board.h","6C7B020132113C7EA30FCB00D48A446FB81CD8A9E541FBA9A0B5A418A46943A5"
"components\espressif__tinyusb\hw\bsp\nrf\boards\pca10056\board.mk","F9225531ADBF033BF8DF139BC5CB0B097A4460E6B5CBAC0C8248778E4CEB09D2"
"components\espressif__tinyusb\hw\bsp\nrf\boards\pca10056\ozone\nrf52840.jdebug","1C1AB026540449FDA81D0C6EB6782E222019AEAAA530D5FBFB318667BCF69C3D"
"components\espressif__tinyusb\hw\bsp\nrf\boards\pca10059\board.cmake","AAAB2930815CFDEA8C6FAE5575B8ED7AEDB61E14D5FD056F88B5589C97EC3E01"
"components\espressif__tinyusb\hw\bsp\nrf\boards\pca10059\board.h","2C825C453C93D631EF590AC2361ED6FDE5011D7FC192725C31DAAA6D927DBF0E"
"components\espressif__tinyusb\hw\bsp\nrf\boards\pca10059\board.mk","2F9473DEB2C2E5C0795A196AB392686EC0E28B8EDCF38C4C54776B30F0FE41E1"
"components\espressif__tinyusb\hw\bsp\nrf\boards\pca10059\pca10059.ld","FCECC127812FDB9C6EB8636EB91FE609EEF6B1E40E6702E5CB7E6F443EC452F4"
"components\espressif__tinyusb\hw\bsp\nrf\boards\pca10095\board.cmake","61A9102959E15BB15862D6377B90F1A40355C0154D2E85383A29017E629BFC11"
"components\espressif__tinyusb\hw\bsp\nrf\boards\pca10095\board.h","0DEAE69C63A8CD26960E90FB6B3654F5184772CB629FD8CAAC95DF969F401257"
"components\espressif__tinyusb\hw\bsp\nrf\boards\pca10095\board.mk","3790A46F1FF23E9DB2FBDF720F1A0F755B99699FB85FBC3AE2B3CB01249CBA93"
"components\espressif__tinyusb\hw\bsp\nrf\boards\pca10095\ozone\nrf5340.jdebug","79A9DB9C903F46B1C7D9A5F3B8D1152FFF0ADCA9444395C08ECB777B074BAC00"
"components\espressif__tinyusb\hw\bsp\nrf\boards\pca10100\board.cmake","A2D96B870660C52DC89A3D06C3EFAEC46E6291A54CA2D88695759A48747CC6F4"
"components\espressif__tinyusb\hw\bsp\nrf\boards\pca10100\board.h","9E3C0EB7978F71EC17464427F13D8812EBC59F872C9E214D6D24BA251B891D26"
"components\espressif__tinyusb\hw\bsp\nrf\boards\pca10100\board.mk","91716567BD2496B9418C1E06DF1A8FF3589B655F66EAE8EA08262CABFD751845"
"components\espressif__tinyusb\hw\bsp\nrf\FreeRTOSConfig\FreeRTOSConfig.h","5026535F96245B564104FB4DCEA56C6F3BAEC2DEB048618829DED6C86E053CA1"
"components\espressif__tinyusb\hw\bsp\nrf\linker\nrf52833_xxaa.ld","B3F0975D75A05285AA8DE18FD61E2A477FCBE93162F33304C8E15093012C9C49"
"components\espressif__tinyusb\hw\bsp\nrf\linker\nrf52840_s140_v6.ld","F4C1F1D6DBC4630BB273DEFBC330DDDF74B5FF5D4F7CFADFF40A96DE92E91470"
"components\espressif__tinyusb\hw\bsp\nrf\linker\nrf52840_xxaa.ld","5C7424974E9A0DFB1C5997C1BA088BC2AE7C7C44000908FD145A6FCCFBAB1D71"
"components\espressif__tinyusb\hw\bsp\nrf\linker\nrf5340_xxaa_application.ld","993CD1AAE7ED5A2F273E5996AC96A14CBDCFAA17BF9E4E0C9917D98991F4B836"
"components\espressif__tinyusb\hw\bsp\nutiny_nuc121s\board.mk","551622A2251A453C82606B65B4308B35AE86E04C73177C7C6FFFC793D247DCEE"
"components\espressif__tinyusb\hw\bsp\nutiny_nuc121s\nuc121_flash.ld","462D85689B05F2F771FCC9CCCFECC6072C57A6F799AF3EFF508330BB9824338A"
"components\espressif__tinyusb\hw\bsp\nutiny_nuc121s\nutiny_nuc121.c","62217776A1AE416BEA8D1185CA74BA1EBBAF4B648C32D82C67AEFF18776D77A2"
"components\espressif__tinyusb\hw\bsp\nutiny_nuc125s\board.mk","D7B957658407B139C939BC4CC19763B52DAF96A8C30B97F576377F6D8F2238E9"
"components\espressif__tinyusb\hw\bsp\nutiny_nuc125s\nuc125_flash.ld","462D85689B05F2F771FCC9CCCFECC6072C57A6F799AF3EFF508330BB9824338A"
"components\espressif__tinyusb\hw\bsp\nutiny_nuc125s\nutiny_nuc125.c","62217776A1AE416BEA8D1185CA74BA1EBBAF4B648C32D82C67AEFF18776D77A2"
"components\espressif__tinyusb\hw\bsp\nutiny_nuc126v\board.mk","EF37BDF81C7D3F2F415BA142A3B968FA72838A27C90C66A78242CC3261D4005B"
"components\espressif__tinyusb\hw\bsp\nutiny_nuc126v\nuc126_flash.ld","B36F49F880CB6A0269600DC159602CDFF5F79AE3D153A0B154CED75EEB6F7097"
"components\espressif__tinyusb\hw\bsp\nutiny_nuc126v\nutiny_nuc126.c","203D3768C72E8A70D96CDF53B33091982D752E106805874A0448D22A2409D7BA"
"components\espressif__tinyusb\hw\bsp\nutiny_sdk_nuc120\board.mk","DE99DDD791551DD03170BF1C15A5336CDD8257760C8D6DC2F3E85CD160DC0866"
"components\espressif__tinyusb\hw\bsp\nutiny_sdk_nuc120\nuc120_flash.ld","5665CFD271BCCC4B8091BA7F86C92A871FB80B5EB2B44EA036A8D3F154F74A13"
"components\espressif__tinyusb\hw\bsp\nutiny_sdk_nuc120\nutiny_sdk_nuc120.c","CC6878C6072F4E247A735432DF3D66326C90FD2BA0D5A19BC11D75FA7E97D645"
"components\espressif__tinyusb\hw\bsp\nutiny_sdk_nuc505\board.mk","AC5D3035DF9499881DB1DD53C06C72E694019603CC156C1B6D5392D58EA78504"
"components\espressif__tinyusb\hw\bsp\nutiny_sdk_nuc505\nuc505_flashtoram.ld","FBCCC1D8E42BEBCDFBDF53A0E31866DB51D637FC4575EE844A2BC343E132650F"
"components\espressif__tinyusb\hw\bsp\nutiny_sdk_nuc505\nutiny_sdk_nuc505.c","2B2B1C208171AF393AAA75378884809DD1579C210172F91BC4B23B13FA1BD1B4"
"components\espressif__tinyusb\hw\bsp\pic32mz\family.c","EE30C105F8468FB1F8606308911E8408B4CB08715277D7AB900623DB07B69317"
"components\espressif__tinyusb\hw\bsp\pic32mz\family.mk","3655352CFAD3A2846961D39AE997726DFAA13B07888F9E9CF9304C1951C68900"
"components\espressif__tinyusb\hw\bsp\pic32mz\boards\olimex_emz64\board.h","6E61992E22EFADE5200CFCF50592E0980888478FE3D3A45537858DAE791064D8"
"components\espressif__tinyusb\hw\bsp\pic32mz\boards\olimex_emz64\board.mk","5E04257117AEADA0CB5CBABAD8BB7C1C1B0F62388D53BD6C44D8764F2409F7BB"
"components\espressif__tinyusb\hw\bsp\pic32mz\boards\olimex_emz64\olimex_emz64.c","15AB64204F9963289D0A4138FFADDA66D80E5363CF64F8F2C2F9EF36C4F0B9B2"
"components\espressif__tinyusb\hw\bsp\pic32mz\boards\olimex_hmz144\board.h","4D3A81AE63937A3F58D5CAA07EAD82DF06B06DB5C9B67294F1798655342D5F94"
"components\espressif__tinyusb\hw\bsp\pic32mz\boards\olimex_hmz144\board.mk","272E371B79678104B9424D4B780433AF50211B5988199292BDB093E0D4CA0F4B"
"components\espressif__tinyusb\hw\bsp\pic32mz\boards\olimex_hmz144\olimex_hmz144.c","E86D31F3E363F562FFDE9DA809CED90CB54466AE7FEF5D40C9C7BD688F0D0428"
"components\espressif__tinyusb\hw\bsp\ra\board_cfg.h","65AD7830E89F0BC073B09B95EB36185055238175B6082092C7B63F1554DF8DE0"
"components\espressif__tinyusb\hw\bsp\ra\debug.jlinkscript","464CD761A7AAEA72A665DE1A4549A1A749F8F752B7407EF2B5E1200B9DB1781A"
"components\espressif__tinyusb\hw\bsp\ra\family.c","F6EB3D028E287E4EBA3F3279BEE0F5DFDF0789126453E193C83EDBA3F4AA1DBA"
"components\espressif__tinyusb\hw\bsp\ra\family.cmake","56F1BCD5FAE5961AB63FE94BE8743C7701BD31E3FB66294E94038C1D977F84A1"
"components\espressif__tinyusb\hw\bsp\ra\family.mk","0701F6C055E637CDA2A46535A70240CA7A34EE8B181047E4F95F067C643EDE90"
"components\espressif__tinyusb\hw\bsp\ra\vector_data.h","7F5AA19F96927F976B9FA936DF483117609E0A0EDBB93728E540D47F0BCE1F89"
"components\espressif__tinyusb\hw\bsp\ra\boards\portenta_c33\board.cmake","D30D52D323D29DCFF3BC3307A90EFA5B0145E59E720BA3284B15F853734B7A67"
"components\espressif__tinyusb\hw\bsp\ra\boards\portenta_c33\board.h","75C779DE7B60EA42EC20924F6D8ADCC6FAACC606D70F6E6F257E87150BD46EE2"
"components\espressif__tinyusb\hw\bsp\ra\boards\portenta_c33\board.mk","F454209DE8610661E05FDF69AD57AB3BFD4F9854CA184F847AD1065B1279F9B2"
"components\espressif__tinyusb\hw\bsp\ra\boards\portenta_c33\ra_cfg\fsp_cfg\r_ioport_cfg.h","BAFB48AD89F99BB1AA580BC8BD28F4358C2A89D9D5F1F273FD040CED01F47025"
"components\espressif__tinyusb\hw\bsp\ra\boards\portenta_c33\ra_cfg\fsp_cfg\bsp\bsp_cfg.h","54F430018E5AD4ED7737C7FC1F022635439AEBDB74F7DA1A969A9A1ECD8BA703"
"components\espressif__tinyusb\hw\bsp\ra\boards\portenta_c33\ra_cfg\fsp_cfg\bsp\bsp_mcu_device_cfg.h","53B230B7408A5E6CF687198FF67FA0D5311BBFBE8BC2158CC6C8A1550C0F35CD"
"components\espressif__tinyusb\hw\bsp\ra\boards\portenta_c33\ra_cfg\fsp_cfg\bsp\bsp_mcu_device_pn_cfg.h","CE0B9399885235AAD12C85ADBFA6F365FCA65CF93C974580E0AAF5BBEA704B51"
"components\espressif__tinyusb\hw\bsp\ra\boards\portenta_c33\ra_cfg\fsp_cfg\bsp\bsp_mcu_family_cfg.h","33F1CC045A1FF7682951F4E490884E819FBAD48A922A5D8FBBE2E79AA1280CD5"
"components\espressif__tinyusb\hw\bsp\ra\boards\portenta_c33\ra_cfg\fsp_cfg\bsp\bsp_pin_cfg.h","4D23043F5F218552946891E6C8EEF9A5DDDF7590C18074ACC3876DDFDF1034C3"
"components\espressif__tinyusb\hw\bsp\ra\boards\portenta_c33\ra_gen\bsp_clock_cfg.h","BA07AE8B8CC3BC6298AC5A0F94B7612A4E70D921006210C5EAB2935BAF12087F"
"components\espressif__tinyusb\hw\bsp\ra\boards\portenta_c33\ra_gen\common_data.c","B91E009AB2C99D382B29F6E8BDB180AF46A390F58EC24EE08FC74E49415CD161"
"components\espressif__tinyusb\hw\bsp\ra\boards\portenta_c33\ra_gen\common_data.h","6CA286515F03104F1B3BF59CD4A05373A53729DDB54BB22DACD17F26F6872A9A"
"components\espressif__tinyusb\hw\bsp\ra\boards\portenta_c33\ra_gen\pin_data.c","30BD6B8472939D31E039C3FBBFE8A8658DF31D9A80927F2408613FA49AD05F6F"
"components\espressif__tinyusb\hw\bsp\ra\boards\portenta_c33\script\fsp.ld","A69BC8F9F296963B400C090500D9F2BEB950887E252EBFD625C86F4C72A70890"
"components\espressif__tinyusb\hw\bsp\ra\boards\portenta_c33\script\memory_regions.ld","8F68A104B24F0BE16FCBBFF4299D4844A5DD34762C70B241BB2C9C91531F3D02"
"components\espressif__tinyusb\hw\bsp\ra\boards\portenta_c33\smart_configurator\configuration.xml","12EBF2A28F27BFD49D9F957B978F83625C5485E00907EA6180C8D6A46097C659"
"components\espressif__tinyusb\hw\bsp\ra\boards\ra2a1_ek\board.cmake","6337C408407426D4693EFD316C5B1A3218A6C72361B8F9344C4086103F52EFF7"
"components\espressif__tinyusb\hw\bsp\ra\boards\ra2a1_ek\board.h","310C857FA1E5685B2DF811D190DAA9CD3F7A76ADA086D9C7BC0D6ADAF167E436"
"components\espressif__tinyusb\hw\bsp\ra\boards\ra2a1_ek\board.mk","1912BCD9744A6E73D18CC47CDC1ED4C59F5C7C896EE17F883BBB11EAAB9B46CE"
"components\espressif__tinyusb\hw\bsp\ra\boards\ra2a1_ek\ra_cfg\fsp_cfg\r_ioport_cfg.h","BAFB48AD89F99BB1AA580BC8BD28F4358C2A89D9D5F1F273FD040CED01F47025"
"components\espressif__tinyusb\hw\bsp\ra\boards\ra2a1_ek\ra_cfg\fsp_cfg\bsp\bsp_cfg.h","3D26DEEBC2BEFB1069522069FF7A4F60791E08EAC8997D036B1E460B4A438942"
"components\espressif__tinyusb\hw\bsp\ra\boards\ra2a1_ek\ra_cfg\fsp_cfg\bsp\bsp_mcu_device_cfg.h","A9647FF694AA3DDEEBE3F6240C270C15F49E12FC13903EC73D828EF1D36614AB"
"components\espressif__tinyusb\hw\bsp\ra\boards\ra2a1_ek\ra_cfg\fsp_cfg\bsp\bsp_mcu_device_pn_cfg.h","667CB90DD909379ABCB9D1F7B73ABCB4659FCEF0C92AC697CAB90D76C5687D84"
"components\espressif__tinyusb\hw\bsp\ra\boards\ra2a1_ek\ra_cfg\fsp_cfg\bsp\bsp_mcu_family_cfg.h","F7C065C10677AFDEA16EED3D1F21818B5EB3AC8A39D6BFF34CAD6E97F64E73C3"
"components\espressif__tinyusb\hw\bsp\ra\boards\ra2a1_ek\ra_cfg\fsp_cfg\bsp\bsp_pin_cfg.h","314EFB0FC3F1346C36D47DED36CA16CDEBAEC180D8D14742A9AA448140C2F6B1"
"components\espressif__tinyusb\hw\bsp\ra\boards\ra2a1_ek\ra_gen\bsp_clock_cfg.h","9554B07D71BD2E044EF43D62C170784F61167BBF4117EE8A6165A53A76882B27"
"components\espressif__tinyusb\hw\bsp\ra\boards\ra2a1_ek\ra_gen\common_data.c","B91E009AB2C99D382B29F6E8BDB180AF46A390F58EC24EE08FC74E49415CD161"
"components\espressif__tinyusb\hw\bsp\ra\boards\ra2a1_ek\ra_gen\common_data.h","6CA286515F03104F1B3BF59CD4A05373A53729DDB54BB22DACD17F26F6872A9A"
"components\espressif__tinyusb\hw\bsp\ra\boards\ra2a1_ek\ra_gen\pin_data.c","F2A60D2F211BF04A4B69E91E3D98F433845CA4E36B07A607CE1A1635C3399225"
"components\espressif__tinyusb\hw\bsp\ra\boards\ra2a1_ek\script\fsp.ld","A69BC8F9F296963B400C090500D9F2BEB950887E252EBFD625C86F4C72A70890"
"components\espressif__tinyusb\hw\bsp\ra\boards\ra2a1_ek\script\memory_regions.ld","538DE2BA9C3947A0E61D8316896813411C340684067811548A1CE282BF0BCC55"
"components\espressif__tinyusb\hw\bsp\ra\boards\ra2a1_ek\smart_configurator\configuration.xml","F6A93F209483A9A7DB488F0F1ABD91DED26AB783B24C49EBEC406A7B69F9AA33"
"components\espressif__tinyusb\hw\bsp\ra\boards\ra4m1_ek\board.cmake","0D32F85E2ACAEE5F56CE171A68418137FB4E3AC8DB8F104CD069CAB09D431620"
"components\espressif__tinyusb\hw\bsp\ra\boards\ra4m1_ek\board.h","60BB2F85C56183D6E1D3945A2CDCBCD7DE534B80D1A081F174381519C6DBD73E"
"components\espressif__tinyusb\hw\bsp\ra\boards\ra4m1_ek\board.mk","DFD207ABD97164F3C6FF89750270AA7E9DEFC22E2270CE419C456055063B1192"
"components\espressif__tinyusb\hw\bsp\ra\boards\ra4m1_ek\ra_cfg\fsp_cfg\r_ioport_cfg.h","BAFB48AD89F99BB1AA580BC8BD28F4358C2A89D9D5F1F273FD040CED01F47025"
"components\espressif__tinyusb\hw\bsp\ra\boards\ra4m1_ek\ra_cfg\fsp_cfg\bsp\bsp_cfg.h","28993E09731E88134B37896217EEC47D9605C373EC361D3BF0F9B644DD95ABA4"
"components\espressif__tinyusb\hw\bsp\ra\boards\ra4m1_ek\ra_cfg\fsp_cfg\bsp\bsp_mcu_device_cfg.h","16C4255E86DA7CB04A66F77B1E14FE94F64AF83852A02FFC6FEAE84F82A8F40B"
"components\espressif__tinyusb\hw\bsp\ra\boards\ra4m1_ek\ra_cfg\fsp_cfg\bsp\bsp_mcu_device_pn_cfg.h","F5F1671460C9118F6846750862F96A9933DA628C61B30A3D2E6492B0AECE03A7"
"components\espressif__tinyusb\hw\bsp\ra\boards\ra4m1_ek\ra_cfg\fsp_cfg\bsp\bsp_mcu_family_cfg.h","FBCF89F9C8B69D9099B02A2BEA57F404DCAF5380E0DE5B99C631468A79EA76D1"
"components\espressif__tinyusb\hw\bsp\ra\boards\ra4m1_ek\ra_cfg\fsp_cfg\bsp\bsp_pin_cfg.h","A62DB5CE7E35A1B8E479356C5956AFC667E78F88205F248AFC5A669463F8E9F1"
"components\espressif__tinyusb\hw\bsp\ra\boards\ra4m1_ek\ra_gen\bsp_clock_cfg.h","2C3D6DDCA3D6AE87AAFD0EAA04760474DD4F7AE5B01C2679C317E65F6F9CB840"
"components\espressif__tinyusb\hw\bsp\ra\boards\ra4m1_ek\ra_gen\common_data.c","B91E009AB2C99D382B29F6E8BDB180AF46A390F58EC24EE08FC74E49415CD161"
"components\espressif__tinyusb\hw\bsp\ra\boards\ra4m1_ek\ra_gen\common_data.h","6CA286515F03104F1B3BF59CD4A05373A53729DDB54BB22DACD17F26F6872A9A"
"components\espressif__tinyusb\hw\bsp\ra\boards\ra4m1_ek\ra_gen\pin_data.c","E88B80E0138B1D62A9E231E6BD60D207DAB34DC0634CD55A2B89D542C3DFF5DB"
"components\espressif__tinyusb\hw\bsp\ra\boards\ra4m1_ek\script\fsp.ld","A69BC8F9F296963B400C090500D9F2BEB950887E252EBFD625C86F4C72A70890"
"components\espressif__tinyusb\hw\bsp\ra\boards\ra4m1_ek\script\memory_regions.ld","538DE2BA9C3947A0E61D8316896813411C340684067811548A1CE282BF0BCC55"
"components\espressif__tinyusb\hw\bsp\ra\boards\ra4m1_ek\smart_configurator\configuration.xml","A1F54D2DD0A50CFDB425672437D9FDA0E56D19F5D0DF5102F938ECA1B02DFA8B"
"components\espressif__tinyusb\hw\bsp\ra\boards\ra4m3_ek\board.cmake","7B944E215B2D36D6E8FF90BCF3147488C8FF1F01CAD220E02A18B84BF1BAB785"
"components\espressif__tinyusb\hw\bsp\ra\boards\ra4m3_ek\board.h","C1035CDFE18197A0C051127BF9FF6AA5BD453D5D53F5516E8E28573719A177BF"
"components\espressif__tinyusb\hw\bsp\ra\boards\ra4m3_ek\board.mk","69E05C788E3CD7D999616812D6C7E6381424DDEDE4B200974AE09F3F4DB8AAD5"
"components\espressif__tinyusb\hw\bsp\ra\boards\ra4m3_ek\ra_cfg\fsp_cfg\r_ioport_cfg.h","BAFB48AD89F99BB1AA580BC8BD28F4358C2A89D9D5F1F273FD040CED01F47025"
"components\espressif__tinyusb\hw\bsp\ra\boards\ra4m3_ek\ra_cfg\fsp_cfg\bsp\bsp_cfg.h","F899A46CE074E59A228F714F1478A81591ABDE5942D27261BB0C14927DC649CF"
"components\espressif__tinyusb\hw\bsp\ra\boards\ra4m3_ek\ra_cfg\fsp_cfg\bsp\bsp_mcu_device_cfg.h","16C4255E86DA7CB04A66F77B1E14FE94F64AF83852A02FFC6FEAE84F82A8F40B"
"components\espressif__tinyusb\hw\bsp\ra\boards\ra4m3_ek\ra_cfg\fsp_cfg\bsp\bsp_mcu_device_pn_cfg.h","747323F0C3F5EFACE1B50C42BEB7BBB88B40F165CCD3A480BECE4316BC24ACE4"
"components\espressif__tinyusb\hw\bsp\ra\boards\ra4m3_ek\ra_cfg\fsp_cfg\bsp\bsp_mcu_family_cfg.h","C1DCD34A3BE38B6E5781A1952213DAC600576A3A9A80B3202006079A34C19439"
"components\espressif__tinyusb\hw\bsp\ra\boards\ra4m3_ek\ra_cfg\fsp_cfg\bsp\bsp_pin_cfg.h","3AA7EEB2312D17E05E4B71921D9023DC3D5AFF1C93FD887F65D38333D5721002"
"components\espressif__tinyusb\hw\bsp\ra\boards\ra4m3_ek\ra_gen\bsp_clock_cfg.h","6C7D0EC8A4159758ACF656ED44C0A1D68720931707804E62C27CCEA263A259F6"
"components\espressif__tinyusb\hw\bsp\ra\boards\ra4m3_ek\ra_gen\common_data.c","B91E009AB2C99D382B29F6E8BDB180AF46A390F58EC24EE08FC74E49415CD161"
"components\espressif__tinyusb\hw\bsp\ra\boards\ra4m3_ek\ra_gen\common_data.h","6CA286515F03104F1B3BF59CD4A05373A53729DDB54BB22DACD17F26F6872A9A"
"components\espressif__tinyusb\hw\bsp\ra\boards\ra4m3_ek\ra_gen\pin_data.c","A469B7DA35F645F527B7CF8D02DA22D871F8D45E832CE7767E3E7E970AD74093"
"components\espressif__tinyusb\hw\bsp\ra\boards\ra4m3_ek\script\fsp.ld","A69BC8F9F296963B400C090500D9F2BEB950887E252EBFD625C86F4C72A70890"
"components\espressif__tinyusb\hw\bsp\ra\boards\ra4m3_ek\script\memory_regions.ld","C6C3C935B924148EB67A768CEAFF06F7D162C60A398A6C57366721D5A1A39A5E"
"components\espressif__tinyusb\hw\bsp\ra\boards\ra4m3_ek\smart_configurator\configuration.xml","B0CF0A5DFC86745379F3441C0C640D0BA9A7B94DC3033B53127EE57E56366D74"
"components\espressif__tinyusb\hw\bsp\ra\boards\ra6m1_ek\board.cmake","7880CCB6DEEDFFA2F186542CFB7C0F6FA658F7D576C8225E5D015D3D12AE06A0"
"components\espressif__tinyusb\hw\bsp\ra\boards\ra6m1_ek\board.h","CFFC861EFFFDE0DF7A215DABB8DFAC464612F3C7BD4F4567993625DFAAA69EC5"
"components\espressif__tinyusb\hw\bsp\ra\boards\ra6m1_ek\board.mk","2A32469945C3CABE56EB55FA3AEC97F56632E07658A45BE7DCE31E4C001047FB"
"components\espressif__tinyusb\hw\bsp\ra\boards\ra6m1_ek\ra_cfg\fsp_cfg\r_ioport_cfg.h","BAFB48AD89F99BB1AA580BC8BD28F4358C2A89D9D5F1F273FD040CED01F47025"
"components\espressif__tinyusb\hw\bsp\ra\boards\ra6m1_ek\ra_cfg\fsp_cfg\bsp\bsp_cfg.h","54F430018E5AD4ED7737C7FC1F022635439AEBDB74F7DA1A969A9A1ECD8BA703"
"components\espressif__tinyusb\hw\bsp\ra\boards\ra6m1_ek\ra_cfg\fsp_cfg\bsp\bsp_mcu_device_cfg.h","53B230B7408A5E6CF687198FF67FA0D5311BBFBE8BC2158CC6C8A1550C0F35CD"
"components\espressif__tinyusb\hw\bsp\ra\boards\ra6m1_ek\ra_cfg\fsp_cfg\bsp\bsp_mcu_device_pn_cfg.h","439388A795B9D44019A718373D2869880FDEEFB4E7B458A46EC9AE7F2665AF20"
"components\espressif__tinyusb\hw\bsp\ra\boards\ra6m1_ek\ra_cfg\fsp_cfg\bsp\bsp_mcu_family_cfg.h","275AAE496B0C37463A26F378A10E32183C80D0A7B59D508FABAEBAF78CACACE9"
"components\espressif__tinyusb\hw\bsp\ra\boards\ra6m1_ek\ra_cfg\fsp_cfg\bsp\bsp_pin_cfg.h","B53CCA96E13C3410290EA496F82A9853E3B6BA55CAD08591E4A25C2D4B80E973"
"components\espressif__tinyusb\hw\bsp\ra\boards\ra6m1_ek\ra_gen\bsp_clock_cfg.h","0731B1D869D86CB0EFA3823EE1CFF34B16207811B632722C0A9CF49710E59CC5"
"components\espressif__tinyusb\hw\bsp\ra\boards\ra6m1_ek\ra_gen\common_data.c","B91E009AB2C99D382B29F6E8BDB180AF46A390F58EC24EE08FC74E49415CD161"
"components\espressif__tinyusb\hw\bsp\ra\boards\ra6m1_ek\ra_gen\common_data.h","6CA286515F03104F1B3BF59CD4A05373A53729DDB54BB22DACD17F26F6872A9A"
"components\espressif__tinyusb\hw\bsp\ra\boards\ra6m1_ek\ra_gen\pin_data.c","28FD533F242608556E15EFE228B5AEC952CD2F7815296AAFAC9DC7602A9F0A56"
"components\espressif__tinyusb\hw\bsp\ra\boards\ra6m1_ek\script\fsp.ld","A69BC8F9F296963B400C090500D9F2BEB950887E252EBFD625C86F4C72A70890"
"components\espressif__tinyusb\hw\bsp\ra\boards\ra6m1_ek\script\memory_regions.ld","E4A03B3AEF4B6CDDA1EBF5CB4BA2B73D56682BC2F9BD6B822D1D29F41D5D231B"
"components\espressif__tinyusb\hw\bsp\ra\boards\ra6m1_ek\smart_configurator\configuration.xml","DF4A29108CCDEC5200222076F79D4D25E2CAD5EAB48338FA30D355D356D60DE3"
"components\espressif__tinyusb\hw\bsp\ra\boards\ra6m5_ek\board.cmake","14475008C7E6101B4A5645021D3DFEF7DBF18695BD73B78B56B8773EC6175B0B"
"components\espressif__tinyusb\hw\bsp\ra\boards\ra6m5_ek\board.h","BD2BC28D76D2E1D3C24D76586D8A72E6477B1ACE1158232A2FBCA5DD53EB8F29"
"components\espressif__tinyusb\hw\bsp\ra\boards\ra6m5_ek\board.mk","883B0CC5DF29903AC1222A57C2B98887A1B913543B34EE22012FD214B316A74A"
"components\espressif__tinyusb\hw\bsp\ra\boards\ra6m5_ek\ozone\ra6m5.jdebug","622519C44C7554C0E53638392D65FB74A69A59B9731D4C3A1E990F869841AD8F"
"components\espressif__tinyusb\hw\bsp\ra\boards\ra6m5_ek\ra_cfg\fsp_cfg\r_ioport_cfg.h","BAFB48AD89F99BB1AA580BC8BD28F4358C2A89D9D5F1F273FD040CED01F47025"
"components\espressif__tinyusb\hw\bsp\ra\boards\ra6m5_ek\ra_cfg\fsp_cfg\bsp\bsp_cfg.h","54F430018E5AD4ED7737C7FC1F022635439AEBDB74F7DA1A969A9A1ECD8BA703"
"components\espressif__tinyusb\hw\bsp\ra\boards\ra6m5_ek\ra_cfg\fsp_cfg\bsp\bsp_mcu_device_cfg.h","53B230B7408A5E6CF687198FF67FA0D5311BBFBE8BC2158CC6C8A1550C0F35CD"
"components\espressif__tinyusb\hw\bsp\ra\boards\ra6m5_ek\ra_cfg\fsp_cfg\bsp\bsp_mcu_device_pn_cfg.h","CE0B9399885235AAD12C85ADBFA6F365FCA65CF93C974580E0AAF5BBEA704B51"
"components\espressif__tinyusb\hw\bsp\ra\boards\ra6m5_ek\ra_cfg\fsp_cfg\bsp\bsp_mcu_family_cfg.h","33F1CC045A1FF7682951F4E490884E819FBAD48A922A5D8FBBE2E79AA1280CD5"
"components\espressif__tinyusb\hw\bsp\ra\boards\ra6m5_ek\ra_cfg\fsp_cfg\bsp\bsp_pin_cfg.h","9D5A208501DDCCA2308CCBA758658477D7F347D0BC3307F264362E98A254D067"
"components\espressif__tinyusb\hw\bsp\ra\boards\ra6m5_ek\ra_gen\bsp_clock_cfg.h","FCA58F3A4031B6A7A713A4AE96030EDE138666841AF11EDDDD4ABA1CC4CBBF19"
"components\espressif__tinyusb\hw\bsp\ra\boards\ra6m5_ek\ra_gen\common_data.c","B91E009AB2C99D382B29F6E8BDB180AF46A390F58EC24EE08FC74E49415CD161"
"components\espressif__tinyusb\hw\bsp\ra\boards\ra6m5_ek\ra_gen\common_data.h","6CA286515F03104F1B3BF59CD4A05373A53729DDB54BB22DACD17F26F6872A9A"
"components\espressif__tinyusb\hw\bsp\ra\boards\ra6m5_ek\ra_gen\pin_data.c","3BC83C7985B72740765768BF19664D367045BB5747E56369EBD3E082C4C0F007"
"components\espressif__tinyusb\hw\bsp\ra\boards\ra6m5_ek\script\fsp.ld","A69BC8F9F296963B400C090500D9F2BEB950887E252EBFD625C86F4C72A70890"
"components\espressif__tinyusb\hw\bsp\ra\boards\ra6m5_ek\script\memory_regions.ld","C2FD658420EDD369FF28CBF6E77CF7FD60FEBACB44CDCC05394C92712EC3CBA4"
"components\espressif__tinyusb\hw\bsp\ra\boards\ra6m5_ek\smart_configurator\configuration.xml","0FC10730240B24C555B4765F52C9373CEFA6BD44C3F7956D71684E3E786DF28A"
"components\espressif__tinyusb\hw\bsp\ra\boards\ra8m1_ek\board.cmake","3CD6CF6A0C6842F4B6A11F262FF32552DFBD3E0D9CC5DAE38EE17B3E08306354"
"components\espressif__tinyusb\hw\bsp\ra\boards\ra8m1_ek\board.h","865B9B1B0591F8022290B72264E28F290341B08E77EA1A6D5040E4B5481B4AE7"
"components\espressif__tinyusb\hw\bsp\ra\boards\ra8m1_ek\board.mk","922C41D67CDF69363F497CC9F401018B57D3028B09700E698C23A91E2DB06557"
"components\espressif__tinyusb\hw\bsp\ra\boards\ra8m1_ek\ozone\ra8m1.jdebug","E38DFC5C3135FA9E9901984125CB9F5B968985E17EACEF7F413E37D5735D9700"
"components\espressif__tinyusb\hw\bsp\ra\boards\ra8m1_ek\ozone\Renesas_RA8_TracePins.pex","338959DB8DACEBAFF60EFC5B6F3E69AAAB6E881D9297E7B001ADE02BB45F101C"
"components\espressif__tinyusb\hw\bsp\ra\boards\ra8m1_ek\ra_cfg\fsp_cfg\r_ioport_cfg.h","BAFB48AD89F99BB1AA580BC8BD28F4358C2A89D9D5F1F273FD040CED01F47025"
"components\espressif__tinyusb\hw\bsp\ra\boards\ra8m1_ek\ra_cfg\fsp_cfg\bsp\bsp_cfg.h","54F430018E5AD4ED7737C7FC1F022635439AEBDB74F7DA1A969A9A1ECD8BA703"
"components\espressif__tinyusb\hw\bsp\ra\boards\ra8m1_ek\ra_cfg\fsp_cfg\bsp\bsp_mcu_device_cfg.h","E956A5B492A88E6FED1F88AC4503553DE9C124B6E91C1396ADC88011A0914779"
"components\espressif__tinyusb\hw\bsp\ra\boards\ra8m1_ek\ra_cfg\fsp_cfg\bsp\bsp_mcu_device_pn_cfg.h","23866012B42A8C909BC427D14AD51434F425C7E0F0309E7674F8C0F7151F5930"
"components\espressif__tinyusb\hw\bsp\ra\boards\ra8m1_ek\ra_cfg\fsp_cfg\bsp\bsp_mcu_family_cfg.h","09DE32E859CC5E3EF2EFAC6CB25883D77E15F1FA90B9E0009002FC1243256B19"
"components\espressif__tinyusb\hw\bsp\ra\boards\ra8m1_ek\ra_cfg\fsp_cfg\bsp\bsp_pin_cfg.h","96C1C8ABDA9669A248C1B100349DC0B2AAAC93BAD4D248BE4F0FAF15809B9F95"
"components\espressif__tinyusb\hw\bsp\ra\boards\ra8m1_ek\ra_gen\bsp_clock_cfg.h","8ECD939FB61DB8762163F50C5282E6A53F4FDA1E1700090BB407FF343046F0AB"
"components\espressif__tinyusb\hw\bsp\ra\boards\ra8m1_ek\ra_gen\common_data.c","B91E009AB2C99D382B29F6E8BDB180AF46A390F58EC24EE08FC74E49415CD161"
"components\espressif__tinyusb\hw\bsp\ra\boards\ra8m1_ek\ra_gen\common_data.h","6CA286515F03104F1B3BF59CD4A05373A53729DDB54BB22DACD17F26F6872A9A"
"components\espressif__tinyusb\hw\bsp\ra\boards\ra8m1_ek\ra_gen\pin_data.c","283A0316E9F900CFDC1B1C94BC70288120AC20923FBADC9DF96EFE4863D229EE"
"components\espressif__tinyusb\hw\bsp\ra\boards\ra8m1_ek\script\fsp.ld","8C3EDAD8AF2082AF8B2EB7B582C77CE5AF1C1C7EBEB6ED24022D60F46BCE38EF"
"components\espressif__tinyusb\hw\bsp\ra\boards\ra8m1_ek\script\memory_regions.ld","C6218C407B3738F31019ABD38F2B962DF36C9A0DF5240DA83FBD3B2E00F1C93F"
"components\espressif__tinyusb\hw\bsp\ra\boards\ra8m1_ek\smart_configurator\configuration.xml","F922BFD270E286B0027ECA869A5B5AA8EAE95988A5428C9157A0BE033465F432"
"components\espressif__tinyusb\hw\bsp\ra\boards\uno_r4\board.cmake","A7D572295647E114738105E078D1C966F8C1B02AF440DFD96E21AE863F4A17BE"
"components\espressif__tinyusb\hw\bsp\ra\boards\uno_r4\board.h","909A8BC45E76DFAD47C090BA2EA8941A603757D5A60988FE3BA3CE088D95BB59"
"components\espressif__tinyusb\hw\bsp\ra\boards\uno_r4\board.mk","DFD207ABD97164F3C6FF89750270AA7E9DEFC22E2270CE419C456055063B1192"
"components\espressif__tinyusb\hw\bsp\ra\boards\uno_r4\ra_cfg\fsp_cfg\r_ioport_cfg.h","BAFB48AD89F99BB1AA580BC8BD28F4358C2A89D9D5F1F273FD040CED01F47025"
"components\espressif__tinyusb\hw\bsp\ra\boards\uno_r4\ra_cfg\fsp_cfg\bsp\bsp_cfg.h","6139F3F9881A03BE8D6903C16B18AC76079F88EA6EE06F174860CD3FD2E4906B"
"components\espressif__tinyusb\hw\bsp\ra\boards\uno_r4\ra_cfg\fsp_cfg\bsp\bsp_mcu_device_cfg.h","16C4255E86DA7CB04A66F77B1E14FE94F64AF83852A02FFC6FEAE84F82A8F40B"
"components\espressif__tinyusb\hw\bsp\ra\boards\uno_r4\ra_cfg\fsp_cfg\bsp\bsp_mcu_device_pn_cfg.h","B5EF7E4FCB529BEEFA75E57AF1F132C27CEFD93E5FF874FC9D6543EE99AE47EF"
"components\espressif__tinyusb\hw\bsp\ra\boards\uno_r4\ra_cfg\fsp_cfg\bsp\bsp_mcu_family_cfg.h","FBCF89F9C8B69D9099B02A2BEA57F404DCAF5380E0DE5B99C631468A79EA76D1"
"components\espressif__tinyusb\hw\bsp\ra\boards\uno_r4\ra_cfg\fsp_cfg\bsp\bsp_pin_cfg.h","41DB3089B11B420C406D8288491F7B7A099A27AE3B6D04800458C1ECFA6F817E"
"components\espressif__tinyusb\hw\bsp\ra\boards\uno_r4\ra_gen\bsp_clock_cfg.h","38AA3B68B3D3FB7AEAD8F66DA5FD5AEF10B1351563D24FBBA6372CCC4C81BF5A"
"components\espressif__tinyusb\hw\bsp\ra\boards\uno_r4\ra_gen\common_data.c","B91E009AB2C99D382B29F6E8BDB180AF46A390F58EC24EE08FC74E49415CD161"
"components\espressif__tinyusb\hw\bsp\ra\boards\uno_r4\ra_gen\common_data.h","6CA286515F03104F1B3BF59CD4A05373A53729DDB54BB22DACD17F26F6872A9A"
"components\espressif__tinyusb\hw\bsp\ra\boards\uno_r4\ra_gen\pin_data.c","CD68FBD3678418065098307E33E88AE743710B25CAC1BFEF896FF50059AEB5DB"
"components\espressif__tinyusb\hw\bsp\ra\boards\uno_r4\script\fsp.ld","A69BC8F9F296963B400C090500D9F2BEB950887E252EBFD625C86F4C72A70890"
"components\espressif__tinyusb\hw\bsp\ra\boards\uno_r4\script\memory_regions.ld","78BAC67E3F1B633813BD95139AE765380C17C86FB1EF55C6FD43E972B1DC6440"
"components\espressif__tinyusb\hw\bsp\ra\boards\uno_r4\smart_configurator\configuration.xml","93135F557D3C6D3300D8DAEA139F72A63F45CAF6216FD98E7A9D5A50A86D4450"
"components\espressif__tinyusb\hw\bsp\ra\FreeRTOSConfig\FreeRTOSConfig.h","5E4F2B7930AEF0E584924F53481552AAD525E8AEDFD49C78A6A0295A94F805B7"
"components\espressif__tinyusb\hw\bsp\rp2040\board.h","32A1ABFD5269B1C37F9DB8A764B9D16867D66157E7AF9E03DF730D9B0406C8D0"
"components\espressif__tinyusb\hw\bsp\rp2040\family.c","F65B133ADCB10E41CD051AE069A5B996923A3EFE93256AA36DDC12BC52ED2F18"
"components\espressif__tinyusb\hw\bsp\rp2040\family.cmake","6EA439BEE45F1C3691B1891F30BCF8D9CE4001535941F763D75C0A31D5B1CA31"
"components\espressif__tinyusb\hw\bsp\rp2040\family.mk","FCB22C41FB94996756618C243D88A11D5D19933D10B3715DDC27128DA59BD742"
"components\espressif__tinyusb\hw\bsp\rp2040\pico_sdk_import.cmake","062888924FFF91C778E6914B4621B5E1B5B45574AC299D74635245879C2E80F9"
"components\espressif__tinyusb\hw\bsp\rp2040\rp2040-openocd.cfg","58FB82EE522950577BE327E1C74506631D99798EB478FEC4CE588377A1E48F8C"
"components\espressif__tinyusb\hw\bsp\rp2040\boards\feather_rp2040_max3421\board.cmake","BC594B0A321C66D9D7100B3CBDD242D16CB69B8CD632FBADC5C057522F291CC0"
"components\espressif__tinyusb\hw\bsp\rp2040\boards\pico_sdk\board.cmake","5B9F299E0E8208911DF9781AF68502D2E5E8AA0BEEF8942AC2DA975C2495CBCA"
"components\espressif__tinyusb\hw\bsp\rp2040\boards\raspberry_pi_pico\board.cmake","C50AA276A52FA0CE8892475EA9525850239B315DE51D50405F1746CD1C8F740E"
"components\espressif__tinyusb\hw\bsp\rp2040\boards\raspberry_pi_pico2\board.cmake","F20B27E1FD6AEE51DC30F6EBF1CD9F86146FF55C4E5ABB74768B5885F9918800"
"components\espressif__tinyusb\hw\bsp\rx\family.mk","CD1F99E3F97EBECF8CC2C2710430372C4C60C996F5FE8630FC2111D7DB64FC2C"
"components\espressif__tinyusb\hw\bsp\rx\boards\gr_citrus\board.h","7E3D36F7CB2DF96FEC5C625A1288BC076B3923B1C3821CBFE19329B5BAA58D29"
"components\espressif__tinyusb\hw\bsp\rx\boards\gr_citrus\board.mk","BB3BF9C1620CA3D6AA653A7DA19E0D825BD6B311A512E8B018831A1AE6608D56"
"components\espressif__tinyusb\hw\bsp\rx\boards\gr_citrus\gr_citrus.c","5B16042E53DBAA97038C8B73D1A9B3597F35C975C0B3777EE106F311E7BD4CE2"
"components\espressif__tinyusb\hw\bsp\rx\boards\gr_citrus\hwinit.c","29445F529D9FA7BE5C1F86D6BD12220EAAEC825EB5EDC701D1B18A808A8BAA25"
"components\espressif__tinyusb\hw\bsp\rx\boards\gr_citrus\r5f5631fd.ld","864AE5D4E4AF4C6BF457DC435C6DB13EFFFE786A780635330144B0FE54ED02F3"
"components\espressif__tinyusb\hw\bsp\rx\boards\rx65n_target\board.h","FECD876A9C2D90BCE301A8E10D7DA44CDDFE9A3A6FF7F95D044EE5FBF5772FE3"
"components\espressif__tinyusb\hw\bsp\rx\boards\rx65n_target\board.mk","2AEDB02953AE1552C748E2D1ED1A024200F56AD8BDE26D982D7927A79676DEE9"
"components\espressif__tinyusb\hw\bsp\rx\boards\rx65n_target\r5f565ne.ld","50908D1A630E22B1E69170113D740087210753AEBA76731DF5C77F427054A4C4"
"components\espressif__tinyusb\hw\bsp\rx\boards\rx65n_target\rx65n_target.c","250B60ED162D0D5BF227BF4E31013ECDE9E61304BF835E114142E964EE2480EC"
"components\espressif__tinyusb\hw\bsp\rx\FreeRTOSConfig\FreeRTOSConfig.h","58B5C8E64C1389FEF8ECFF54E8AF1480EC3E59CCCC1454B38DA44FB094820EC9"
"components\espressif__tinyusb\hw\bsp\samd11\family.c","B091D4A9BC1662BA19EEA0B99907D9CB642278229C44F88B4751BFA1F9E6C3A8"
"components\espressif__tinyusb\hw\bsp\samd11\family.cmake","5FAEC7285CB63B48A3AEC52B20F7C6E90932A0203FAC572892FC1015CDD9CEB5"
"components\espressif__tinyusb\hw\bsp\samd11\family.mk","E655E35694745D2FF9FA8865714DEEF5450CA79D38CC2C07C09E9FA4562EA670"
"components\espressif__tinyusb\hw\bsp\samd11\boards\cynthion_d11\board.cmake","B2EA0FE1453CE84644BFFF2D3D6FF76CA9BF4CD595819FF639AC401B74BABBE5"
"components\espressif__tinyusb\hw\bsp\samd11\boards\cynthion_d11\board.h","BD6B9F14F68170EDBE2E8BF5D8D9A6968D0E7F9D7453DABB9C347578232FAE7C"
"components\espressif__tinyusb\hw\bsp\samd11\boards\cynthion_d11\board.mk","814970C4BF752DD59E7CEED68680503B344C671E53EB46F74DBF8EC29982C176"
"components\espressif__tinyusb\hw\bsp\samd11\boards\cynthion_d11\cynthion_d11.ld","FE85E01F37CCCDA36E5BA957C8A3629FE169AF84AB1FDDC5135AD5B7692273F0"
"components\espressif__tinyusb\hw\bsp\samd11\boards\samd11_xplained\board.cmake","0C244A34953BC9FA756FEB478670CDB83313850774415AFFA65CCB826DB0F105"
"components\espressif__tinyusb\hw\bsp\samd11\boards\samd11_xplained\board.h","FC18685724786A4B27E0EFA715CBCA86081C35727F5EA5A3186A9A5679DA50EF"
"components\espressif__tinyusb\hw\bsp\samd11\boards\samd11_xplained\board.mk","BB9E6424B8595D001FF8023B311FDE814F86DA56D8BA890F1A648F24BF820F9B"
"components\espressif__tinyusb\hw\bsp\samd11\boards\samd11_xplained\samd11d14am_flash.ld","EEC5024F8932B5287A0C2037DE79E18D290829D7A86C7484D8277CA20A00469A"
"components\espressif__tinyusb\hw\bsp\samd11\FreeRTOSConfig\FreeRTOSConfig.h","575804599234403D6C8FC08A08E4A6F8B5C4B924C051D7E069AFAFBE849D82DB"
"components\espressif__tinyusb\hw\bsp\samd21\family.c","CD5D7648BFC759D850CE4F67CDF378D8946E454AC640D5AEAD08546898A30388"
"components\espressif__tinyusb\hw\bsp\samd21\family.cmake","AA231AADF4CAF89CAD63DC26D256D8B7D66095BF16DD28920B2A268C24EF3C7E"
"components\espressif__tinyusb\hw\bsp\samd21\family.mk","F34757BC42A9043AC114B3823554D88898FB83FD389AF4B8ED81E18CBBC3176E"
"components\espressif__tinyusb\hw\bsp\samd21\boards\atsamd21_xpro\board.cmake","1CA4661BDFAE12A01EEE40E6CCDB865B900701F5662AF70BC6065F00D215D7A0"
"components\espressif__tinyusb\hw\bsp\samd21\boards\atsamd21_xpro\board.h","6BA27F0985159B5E4FCD2F746211BA10FECA6BCA11A6AA481FB5586CC561F3FB"
"components\espressif__tinyusb\hw\bsp\samd21\boards\atsamd21_xpro\board.mk","EFFCB7FC64A8075415B9BC93A33B3A3394ACAD8F42ED48A5B1E8062291049AC1"
"components\espressif__tinyusb\hw\bsp\samd21\boards\atsamd21_xpro\samd21j18a_flash.ld","5A748BE44D213FBE0BEBDB7FE70284B254CC6C51A7BC0EFA8CE3BE3F6F15959D"
"components\espressif__tinyusb\hw\bsp\samd21\boards\circuitplayground_express\board.cmake","19C0E1154065BA842F35B15E9407615C54C094B6039B8489BA81A05E3BFA8834"
"components\espressif__tinyusb\hw\bsp\samd21\boards\circuitplayground_express\board.h","51F11CDD8C7EE1968046C53613CAE49A1FAF71DECC31A87AA5C9723780608039"
"components\espressif__tinyusb\hw\bsp\samd21\boards\circuitplayground_express\board.mk","64035CD2F612BF82ED736BF5833212857A950BB588E92D696C152C58F8DD2EFF"
"components\espressif__tinyusb\hw\bsp\samd21\boards\circuitplayground_express\circuitplayground_express.ld","E55C0543B7C9B14A5E1D7C23942532793D7A91CCC9C310446E2151AD6CF28FD0"
"components\espressif__tinyusb\hw\bsp\samd21\boards\curiosity_nano\board.cmake","AF13A60875AC6A4C17D9D74C65B90EC2777B8765EACAAD146B7A6CD313E5D431"
"components\espressif__tinyusb\hw\bsp\samd21\boards\curiosity_nano\board.h","D7B54CF2459FDB42B5DFB7208ACB9EAC03BA0983E8CB034451EC2FB479500EA4"
"components\espressif__tinyusb\hw\bsp\samd21\boards\curiosity_nano\board.mk","C3B85E94DD054DD2406325E4F3170DE9C8D599A01838FD42EF7BE4B207619DE1"
"components\espressif__tinyusb\hw\bsp\samd21\boards\curiosity_nano\samd21g17a_flash.ld","64CDA560790CB66CAE491C2D535359A61ABD3DD45C74B0C78A9FDD9112CD35B3"
"components\espressif__tinyusb\hw\bsp\samd21\boards\cynthion_d21\board.cmake","86DF9ABCD49BDA15F4C56B04BBC5CB4A0F78C5DA8BC6EFDAA668DFE6D9574B99"
"components\espressif__tinyusb\hw\bsp\samd21\boards\cynthion_d21\board.h","AF4380CF3FDB458EE3BBC9D7549FD463C4CBA0D71DFF34A74322B940FF1AC1F9"
"components\espressif__tinyusb\hw\bsp\samd21\boards\cynthion_d21\board.mk","3EF04B30F70C5498F4B0390A581FB83431CA8904ECB9A0395DC50C07FE4C17FA"
"components\espressif__tinyusb\hw\bsp\samd21\boards\cynthion_d21\samd21g18a_flash.ld","991A5974DD76BECC68A8AC2D539A40037BF825F41325138DA03D956EEF53402A"
"components\espressif__tinyusb\hw\bsp\samd21\boards\feather_m0_express\board.cmake","19C0E1154065BA842F35B15E9407615C54C094B6039B8489BA81A05E3BFA8834"
"components\espressif__tinyusb\hw\bsp\samd21\boards\feather_m0_express\board.h","2D47083BE8010A655E51640DDD9DC234439F21BA4A59FF2172394FA1AFF2CABB"
"components\espressif__tinyusb\hw\bsp\samd21\boards\feather_m0_express\board.mk","64035CD2F612BF82ED736BF5833212857A950BB588E92D696C152C58F8DD2EFF"
"components\espressif__tinyusb\hw\bsp\samd21\boards\feather_m0_express\feather_m0_express.ld","E55C0543B7C9B14A5E1D7C23942532793D7A91CCC9C310446E2151AD6CF28FD0"
"components\espressif__tinyusb\hw\bsp\samd21\boards\itsybitsy_m0\board.cmake","19C0E1154065BA842F35B15E9407615C54C094B6039B8489BA81A05E3BFA8834"
"components\espressif__tinyusb\hw\bsp\samd21\boards\itsybitsy_m0\board.h","5E617641222F66D067CEDC84524E4D1551CF05593B41E2D2E960503DA5F5D5C1"
"components\espressif__tinyusb\hw\bsp\samd21\boards\itsybitsy_m0\board.mk","64035CD2F612BF82ED736BF5833212857A950BB588E92D696C152C58F8DD2EFF"
"components\espressif__tinyusb\hw\bsp\samd21\boards\itsybitsy_m0\itsybitsy_m0.ld","E55C0543B7C9B14A5E1D7C23942532793D7A91CCC9C310446E2151AD6CF28FD0"
"components\espressif__tinyusb\hw\bsp\samd21\boards\metro_m0_express\board.cmake","19C0E1154065BA842F35B15E9407615C54C094B6039B8489BA81A05E3BFA8834"
"components\espressif__tinyusb\hw\bsp\samd21\boards\metro_m0_express\board.h","3D12D1418FF6A45E156DD78D1DBB8841CFFFF2EAFD21D69286A1B23FB86552E7"
"components\espressif__tinyusb\hw\bsp\samd21\boards\metro_m0_express\board.mk","64035CD2F612BF82ED736BF5833212857A950BB588E92D696C152C58F8DD2EFF"
"components\espressif__tinyusb\hw\bsp\samd21\boards\metro_m0_express\metro_m0_express.ld","E55C0543B7C9B14A5E1D7C23942532793D7A91CCC9C310446E2151AD6CF28FD0"
"components\espressif__tinyusb\hw\bsp\samd21\boards\qtpy\board.cmake","89B5FA0E72FDE0295883254A6AF6E718F8E8CA80A678254CBE60F882AE14E768"
"components\espressif__tinyusb\hw\bsp\samd21\boards\qtpy\board.h","10ED5362C252C3D327EC2330097DA5DF953AD5A645A01FA0D8830A598C063E81"
"components\espressif__tinyusb\hw\bsp\samd21\boards\qtpy\board.mk","3645050043268DBACE585017B0662D90EACB1A65DBE988662E60689DDAC32546"
"components\espressif__tinyusb\hw\bsp\samd21\boards\qtpy\qtpy.ld","E55C0543B7C9B14A5E1D7C23942532793D7A91CCC9C310446E2151AD6CF28FD0"
"components\espressif__tinyusb\hw\bsp\samd21\boards\seeeduino_xiao\board.cmake","19C0E1154065BA842F35B15E9407615C54C094B6039B8489BA81A05E3BFA8834"
"components\espressif__tinyusb\hw\bsp\samd21\boards\seeeduino_xiao\board.h","22EBF7DCA1A43498D2CB8E5ABF114D52D98C392B9B49ACE114CB059943EB965A"
"components\espressif__tinyusb\hw\bsp\samd21\boards\seeeduino_xiao\board.mk","E4953B8897084C1831B15B9AB3D4EADECFC15EABB2B733C54D06D89B29C9643D"
"components\espressif__tinyusb\hw\bsp\samd21\boards\seeeduino_xiao\seeeduino_xiao.ld","1E81B0268C9BB9D125EEB8C0EF4DF79863279BB09B842BCC60BD869E66E415DA"
"components\espressif__tinyusb\hw\bsp\samd21\boards\sparkfun_samd21_mini_usb\board.cmake","19C0E1154065BA842F35B15E9407615C54C094B6039B8489BA81A05E3BFA8834"
"components\espressif__tinyusb\hw\bsp\samd21\boards\sparkfun_samd21_mini_usb\board.h","5C2B243843E371B6B0CC1E30D85100E3D65EDCECCC7DC33A7EBF64FA546F2925"
"components\espressif__tinyusb\hw\bsp\samd21\boards\sparkfun_samd21_mini_usb\board.mk","64035CD2F612BF82ED736BF5833212857A950BB588E92D696C152C58F8DD2EFF"
"components\espressif__tinyusb\hw\bsp\samd21\boards\sparkfun_samd21_mini_usb\sparkfun_samd21_mini_usb.ld","EEB019CAB122293263347D6E23F1B533FA9E390D5B54622A3AE44FCFBC5F64B6"
"components\espressif__tinyusb\hw\bsp\samd21\boards\trinket_m0\board.cmake","89B5FA0E72FDE0295883254A6AF6E718F8E8CA80A678254CBE60F882AE14E768"
"components\espressif__tinyusb\hw\bsp\samd21\boards\trinket_m0\board.h","EB55B12ADE49A9E68C1E925183C8914CD8240500D4C9F2C9DF16236CBC258FA0"
"components\espressif__tinyusb\hw\bsp\samd21\boards\trinket_m0\board.mk","3FA4A30B5421916AB54855844AF5A19B5E545342389743EADAE2326B427BF302"
"components\espressif__tinyusb\hw\bsp\samd21\boards\trinket_m0\trinket_m0.ld","E55C0543B7C9B14A5E1D7C23942532793D7A91CCC9C310446E2151AD6CF28FD0"
"components\espressif__tinyusb\hw\bsp\samd21\FreeRTOSConfig\FreeRTOSConfig.h","575804599234403D6C8FC08A08E4A6F8B5C4B924C051D7E069AFAFBE849D82DB"
"components\espressif__tinyusb\hw\bsp\samd5x_e5x\family.c","2B12237E743CDE217EA2C7021186B4B10F03AAFCF2A8097880DBFE296C3E1A73"
"components\espressif__tinyusb\hw\bsp\samd5x_e5x\family.cmake","B86C918A595D7EFA9C4EB005A7CDC9C08EC0295DEAF66436D25ED74D5C49ACE7"
"components\espressif__tinyusb\hw\bsp\samd5x_e5x\family.mk","3C6B897646B76EA98756BB0B8FCC3057ACC58B5B23D7B6695FB87D575C876837"
"components\espressif__tinyusb\hw\bsp\samd5x_e5x\boards\d5035_01\board.cmake","348E2AC582F94EC8EBE249CF9A0FC770280E059AC8504A8202A2899C29AB0367"
"components\espressif__tinyusb\hw\bsp\samd5x_e5x\boards\d5035_01\board.h","FF56E060FCAF11C3D87630C545B145F45CD6BDA4FA208D52E55E4AB9EB854B96"
"components\espressif__tinyusb\hw\bsp\samd5x_e5x\boards\d5035_01\board.mk","0FA2A534BAE93AD6A5BE3B94BBA86C6DC47BB476FD0CF433BB0144345332D4AA"
"components\espressif__tinyusb\hw\bsp\samd5x_e5x\boards\d5035_01\same51j19a_flash.ld","D8D9B98C13EE7B8FB5E6BF4755205796C13E227785EE082CDBA6364BDFE1C38F"
"components\espressif__tinyusb\hw\bsp\samd5x_e5x\boards\feather_m4_express\board.cmake","1E5BA3EAE42210D8DD08FF34F9B5AEE6C2E844B9EC18D0ABA676E19CCE01B4D6"
"components\espressif__tinyusb\hw\bsp\samd5x_e5x\boards\feather_m4_express\board.h","CD33875CB46965E51F5768FF815C29D8B4D7135371C21885741E7ADFCCC96FDC"
"components\espressif__tinyusb\hw\bsp\samd5x_e5x\boards\feather_m4_express\board.mk","F06D6600F2FEB8BFA528351CCA61F01042A4CDE6B5F7F59F9698B7F93249B651"
"components\espressif__tinyusb\hw\bsp\samd5x_e5x\boards\feather_m4_express\feather_m4_express.ld","DB065578653E9BA6AD93865D39F91438463D12E18704110C8C3DCC09118F9E7A"
"components\espressif__tinyusb\hw\bsp\samd5x_e5x\boards\itsybitsy_m4\board.cmake","1E5BA3EAE42210D8DD08FF34F9B5AEE6C2E844B9EC18D0ABA676E19CCE01B4D6"
"components\espressif__tinyusb\hw\bsp\samd5x_e5x\boards\itsybitsy_m4\board.h","CFEB4F9729A87623D1417ED1E5CBD9CF5E62450F3386EE19C41624D50FAAE705"
"components\espressif__tinyusb\hw\bsp\samd5x_e5x\boards\itsybitsy_m4\board.mk","143746614AA46B7B3A4770D2B1DF878C43D243F8A5C29B914AC85B350B72E091"
"components\espressif__tinyusb\hw\bsp\samd5x_e5x\boards\itsybitsy_m4\itsybitsy_m4.ld","DB065578653E9BA6AD93865D39F91438463D12E18704110C8C3DCC09118F9E7A"
"components\espressif__tinyusb\hw\bsp\samd5x_e5x\boards\metro_m4_express\board.cmake","EC31FE566A8EB40837CBE43D10A4F6CE8753283A7F41EE201EE4CDE4D025718C"
"components\espressif__tinyusb\hw\bsp\samd5x_e5x\boards\metro_m4_express\board.h","BCAC176AD60F9775853A760F79F0DCC4B53684B225ADE1E77B86081EC1F88A71"
"components\espressif__tinyusb\hw\bsp\samd5x_e5x\boards\metro_m4_express\board.mk","143746614AA46B7B3A4770D2B1DF878C43D243F8A5C29B914AC85B350B72E091"
"components\espressif__tinyusb\hw\bsp\samd5x_e5x\boards\metro_m4_express\metro_m4_express.ld","DB065578653E9BA6AD93865D39F91438463D12E18704110C8C3DCC09118F9E7A"
"components\espressif__tinyusb\hw\bsp\samd5x_e5x\boards\pybadge\board.cmake","1E5BA3EAE42210D8DD08FF34F9B5AEE6C2E844B9EC18D0ABA676E19CCE01B4D6"
"components\espressif__tinyusb\hw\bsp\samd5x_e5x\boards\pybadge\board.h","A40023B7B355FAB90C978FCE607443768B776DBB3BDB0C68F59EDCA9191F9DC6"
"components\espressif__tinyusb\hw\bsp\samd5x_e5x\boards\pybadge\board.mk","F06D6600F2FEB8BFA528351CCA61F01042A4CDE6B5F7F59F9698B7F93249B651"
"components\espressif__tinyusb\hw\bsp\samd5x_e5x\boards\pybadge\pybadge.ld","DB065578653E9BA6AD93865D39F91438463D12E18704110C8C3DCC09118F9E7A"
"components\espressif__tinyusb\hw\bsp\samd5x_e5x\boards\pyportal\board.cmake","1E5BA3EAE42210D8DD08FF34F9B5AEE6C2E844B9EC18D0ABA676E19CCE01B4D6"
"components\espressif__tinyusb\hw\bsp\samd5x_e5x\boards\pyportal\board.h","F77EE08102328F590B1A3153B05254835CDCED6208FC8881CD98AAC8ED7B557B"
"components\espressif__tinyusb\hw\bsp\samd5x_e5x\boards\pyportal\board.mk","F06D6600F2FEB8BFA528351CCA61F01042A4CDE6B5F7F59F9698B7F93249B651"
"components\espressif__tinyusb\hw\bsp\samd5x_e5x\boards\pyportal\pyportal.ld","DB065578653E9BA6AD93865D39F91438463D12E18704110C8C3DCC09118F9E7A"
"components\espressif__tinyusb\hw\bsp\samd5x_e5x\boards\same54_xplained\board.cmake","2BDFC56A5B5ECF51C05AFE016373AD20D5B8846E084EF40B0AC7F02EFFF809FC"
"components\espressif__tinyusb\hw\bsp\samd5x_e5x\boards\same54_xplained\board.h","C491F6EFCAE2F421B590504DA6C0FF8A6C59A6330C2E6A5EB727B87E2E5FA4F0"
"components\espressif__tinyusb\hw\bsp\samd5x_e5x\boards\same54_xplained\board.mk","1AFAC7FB2046CBC2AE34C12BF95118A16C3F9F6D73A57E3C1831B985B52BF1C8"
"components\espressif__tinyusb\hw\bsp\samd5x_e5x\boards\same54_xplained\same54p20a_flash.ld","B07182A83895CBF356490F1DC2AFA68B70F6BCF0C9C75A23EAE6BA627418CA78"
"components\espressif__tinyusb\hw\bsp\samd5x_e5x\boards\same54_xplained\same54p20a_sram.ld","9C1F910BF3820A7D5E1F5E7A32E56CC6C96FA21FA0CFAA98670A70D15B51583A"
"components\espressif__tinyusb\hw\bsp\samd5x_e5x\FreeRTOSConfig\FreeRTOSConfig.h","AEE95AC7F373BFF9FA3E850CF1FBFDDC19B6FBFF5AC986694EBDEF43F4F8E7D8"
"components\espressif__tinyusb\hw\bsp\same70_qmtech\board.mk","0EDBC2FAA620169AE462F2D2C16EA65699B480502D20AD3B8800EF346156FAF8"
"components\espressif__tinyusb\hw\bsp\same70_qmtech\hpl_pmc_config.h","DDB70AFE0B07ADEAB28282AD1E970AA3A1F0A260884BE7426164E280928EF167"
"components\espressif__tinyusb\hw\bsp\same70_qmtech\hpl_usart_config.h","229F3717BDBA254D1D14AB1C92CBED7BD68FBB6633E7FFD02148C4E36E642898"
"components\espressif__tinyusb\hw\bsp\same70_qmtech\hpl_xdmac_config.h","C585956B8B8A4C180CCE3FF1B582D92507FBD17460B10CF4F9831C0E5FD89FA6"
"components\espressif__tinyusb\hw\bsp\same70_qmtech\peripheral_clk_config.h","2FD4A3E8C54E967C4F388C7FF77F494B4C5FB8D7536A19D388F08F163BA2354A"
"components\espressif__tinyusb\hw\bsp\same70_qmtech\same70_qmtech.c","01C2DC2458D69D71DFF353255827EE914CBCB7FEA3196F7304770B78252BFC3D"
"components\espressif__tinyusb\hw\bsp\same70_xplained\board.mk","AF41A8F25AD1F3D0B41EEA47A3B4B0A4A5A4DF2609CF198E343C7FABC554A098"
"components\espressif__tinyusb\hw\bsp\same70_xplained\hpl_pmc_config.h","DDB70AFE0B07ADEAB28282AD1E970AA3A1F0A260884BE7426164E280928EF167"
"components\espressif__tinyusb\hw\bsp\same70_xplained\hpl_usart_config.h","229F3717BDBA254D1D14AB1C92CBED7BD68FBB6633E7FFD02148C4E36E642898"
"components\espressif__tinyusb\hw\bsp\same70_xplained\hpl_xdmac_config.h","C585956B8B8A4C180CCE3FF1B582D92507FBD17460B10CF4F9831C0E5FD89FA6"
"components\espressif__tinyusb\hw\bsp\same70_xplained\peripheral_clk_config.h","2FD4A3E8C54E967C4F388C7FF77F494B4C5FB8D7536A19D388F08F163BA2354A"
"components\espressif__tinyusb\hw\bsp\same70_xplained\same70_xplained.c","7AD86BC670ED5B62923B7CF7717B3691C381FB1753D02746CAF2237125C06E78"
"components\espressif__tinyusb\hw\bsp\samg\family.c","E2927E77C07C1D74E72F77CC2C0CF1034CA92D38E3DFD58195C3BBD8E94196F7"
"components\espressif__tinyusb\hw\bsp\samg\family.cmake","001D826AC574B6032456410A4AC74FCF5E1B817F0E85394716469ED92B5FF867"
"components\espressif__tinyusb\hw\bsp\samg\family.mk","C5E4EEC158F3AFF36486FCEC54524DBB50F8A9A6003A86359E10F7EE4FD716A9"
"components\espressif__tinyusb\hw\bsp\samg\hpl_usart_config.h","C51FE26F6743D74600AC539F46A095BC61A855B9D8EB3C5046E1220AF8F79D66"
"components\espressif__tinyusb\hw\bsp\samg\peripheral_clk_config.h","0C8CE67D007C16F50C4DC4909F6EECE3989E09D6D5652703F574D48AE64F20B4"
"components\espressif__tinyusb\hw\bsp\samg\boards\samg55_xplained\board.cmake","838ED21B91A00392F4C2C5DF30C0D78195EA417588E06A6C70F0E1033A4CFC19"
"components\espressif__tinyusb\hw\bsp\samg\boards\samg55_xplained\board.h","B5E2F26B7CF75BD1583C123A7CEB21BC83719E25CE58E4BBC11B78C7B658E21D"
"components\espressif__tinyusb\hw\bsp\samg\boards\samg55_xplained\board.mk","DCB977DFA038D33B1EE2480834DE4B06C1F06580E49DE419F096D7E1BA97577D"
"components\espressif__tinyusb\hw\bsp\samg\boards\samg55_xplained\samg55j19_flash.ld","6E3884341447D5144A69BF8573072584D1577A3823265EA4AD5940F2C871380B"
"components\espressif__tinyusb\hw\bsp\samg\FreeRTOSConfig\FreeRTOSConfig.h","1E294A30AE74219DB8986D3F704B731CA5A85D7820C31C07944163B9BD5BDA33"
"components\espressif__tinyusb\hw\bsp\saml2x\family.c","DABF2826E12B1D42E43D9711D1DE93C29A5B074C5D8B795D35982CDB2268D41B"
"components\espressif__tinyusb\hw\bsp\saml2x\family.cmake","A3B38A54F2650C3F8A659A049EE90BEAD6B53307AFD6CFA2CD956450C3EB84D2"
"components\espressif__tinyusb\hw\bsp\saml2x\family.mk","E32705759694B3A0CD6AF33DD9D82BFB6ECF829B9D7335D883519446F929FC80"
"components\espressif__tinyusb\hw\bsp\saml2x\boards\atsaml21_xpro\board.cmake","D313C927E22ED260C86190D4B3B2FD48D356FB4149B1BAC98C49FA19D69BDC48"
"components\espressif__tinyusb\hw\bsp\saml2x\boards\atsaml21_xpro\board.h","64BFCD7E5FE4DB1C71DB1C9D42F50E3C417C2A9D3072B598DC5655E5AD8916CC"
"components\espressif__tinyusb\hw\bsp\saml2x\boards\atsaml21_xpro\board.mk","AA67833881E13AB8D74DAD96969CAA8E9280228078F06EFDDE871BD05F2A14A4"
"components\espressif__tinyusb\hw\bsp\saml2x\boards\atsaml21_xpro\saml21j18b_flash.ld","D90FE91D2DD35B1FA481277EAB02F2BBFC821AA3EE5946D18C1BD0560056CADA"
"components\espressif__tinyusb\hw\bsp\saml2x\boards\saml22_feather\board.cmake","8D662157C5F03C1F8B322DE7E9FC130DAF8C833FC74F0EDE88609AADC0050294"
"components\espressif__tinyusb\hw\bsp\saml2x\boards\saml22_feather\board.h","E69624F391D7AA1811C42C9BA080338BE0DD8509EE041C0A5C79F3C4FC7D552A"
"components\espressif__tinyusb\hw\bsp\saml2x\boards\saml22_feather\board.mk","B2FAF9B72BDA72C7A6546FE44DD06A1CB1DAF7C5662D8FBA8A0B46F429CC5CBA"
"components\espressif__tinyusb\hw\bsp\saml2x\boards\saml22_feather\saml22_feather.ld","7769DC40B2EC7BB6F91AC39835047C998424B146D4A3EE3D87A257A946F1ACD6"
"components\espressif__tinyusb\hw\bsp\saml2x\boards\sensorwatch_m0\board.cmake","BF89115B40F5C535CE0B63B53078CC621C200A4A200924235162990B52A74D03"
"components\espressif__tinyusb\hw\bsp\saml2x\boards\sensorwatch_m0\board.h","F985BBC7547D2B35FA2BE970075CDBC952F7F8FFA53332EA42E7DF709DD3F56D"
"components\espressif__tinyusb\hw\bsp\saml2x\boards\sensorwatch_m0\board.mk","B2FAF9B72BDA72C7A6546FE44DD06A1CB1DAF7C5662D8FBA8A0B46F429CC5CBA"
"components\espressif__tinyusb\hw\bsp\saml2x\boards\sensorwatch_m0\sensorwatch_m0.ld","7769DC40B2EC7BB6F91AC39835047C998424B146D4A3EE3D87A257A946F1ACD6"
"components\espressif__tinyusb\hw\bsp\saml2x\FreeRTOSConfig\FreeRTOSConfig.h","575804599234403D6C8FC08A08E4A6F8B5C4B924C051D7E069AFAFBE849D82DB"
"components\espressif__tinyusb\hw\bsp\sltb009a\board.mk","5086689934372905EF8060E4B24C7A9C2C148785F60C33A76715C2E1E3A3AF85"
"components\espressif__tinyusb\hw\bsp\sltb009a\sltb009a.c","275C1F6390B80492AB5031B986C6F9898824E56C0FD3235EA59C21E66D899ED6"
"components\espressif__tinyusb\hw\bsp\spresense\board.mk","BF698B554138382892705AD4AEC9DCE77D29CC9A01546ECE34AEEC6DB94DA67F"
"components\espressif__tinyusb\hw\bsp\spresense\board_spresense.c","6859619CEFD3B449BBB1BF202635A8CF79400341E9D5B60C504C120CA612B5BA"
"components\espressif__tinyusb\hw\bsp\stm32c0\family.c","05184D41A3F6A7059F27CE477D2750885CB55C2845BC77BC7F67A432EB356948"
"components\espressif__tinyusb\hw\bsp\stm32c0\family.cmake","E36431867F31B3BC7B11DE437484BAB5F7FFA3D6758DDC8DC204B953662EF600"
"components\espressif__tinyusb\hw\bsp\stm32c0\family.mk","DAFBD1E8FB0D0BB10B120D1E4CB9FB4C13ADF326DEA756263CAFF1E9ED78A739"
"components\espressif__tinyusb\hw\bsp\stm32c0\stm32c0xx_hal_conf.h","9AD6479DEAF5A6423E69775719C66A9D39808EA5C21243329580A2F7B34FBBF3"
"components\espressif__tinyusb\hw\bsp\stm32c0\boards\stm32c071nucleo\board.cmake","DB4D2B4EF9C885A4A953CB7D8B9DD35F625594DB8CD52EA7BD428AC3FF9750B3"
"components\espressif__tinyusb\hw\bsp\stm32c0\boards\stm32c071nucleo\board.h","6FEACC163B48FA60935A6EF7D3630592364F3CFC082AD2F240FC5CA39A98E844"
"components\espressif__tinyusb\hw\bsp\stm32c0\boards\stm32c071nucleo\board.mk","1600613D4D69EDA5A36E567A5B92D625939757E7F5D114A9DEF723413F3C5FED"
"components\espressif__tinyusb\hw\bsp\stm32c0\boards\stm32c071nucleo\STM32C071RBTx_FLASH.ld","1E78E49E0EC8AABB8DE15B35FFADFA9EABD72F7632CBCAEB03122F8A49D21545"
"components\espressif__tinyusb\hw\bsp\stm32c0\FreeRTOSConfig\FreeRTOSConfig.h","09B57F4EDC6BF69096D083AE10C3B540950CA93D535337AB4D1202643F7743BD"
"components\espressif__tinyusb\hw\bsp\stm32f0\family.c","643BD98C039D1B012A1B6383B6DA948C2DE0F1B2BD232C9476BF90A79B9FAC78"
"components\espressif__tinyusb\hw\bsp\stm32f0\family.cmake","14F8F1529CE25D5AD18114F5B56DFC4B1CFE295D487501DA53A4B53F8ED3E568"
"components\espressif__tinyusb\hw\bsp\stm32f0\family.mk","F12CBB3352CD2151E086E8FEA1754F1DFB0B75399835A8AF4FED9DBEAE8A5409"
"components\espressif__tinyusb\hw\bsp\stm32f0\stm32f0xx_hal_conf.h","ACB6895EBB003C2B1B088605DE63AE868BBEE650CAC5D568FB112A1A00550122"
"components\espressif__tinyusb\hw\bsp\stm32f0\boards\stm32f070rbnucleo\board.cmake","7AB8C819825BC1176325528E4105B5A272F3CEF27F1B3010BCD0431E80EECFF3"
"components\espressif__tinyusb\hw\bsp\stm32f0\boards\stm32f070rbnucleo\board.h","FD0CED5187F1F4D1C894101A3BCC3DDF9A9F1F8035AE2890825CB7CC6BCCCF84"
"components\espressif__tinyusb\hw\bsp\stm32f0\boards\stm32f070rbnucleo\board.mk","287ED8AACF384045B94959C3808F0FE7C3168031EDC5F64877F1A6D72F9097E3"
"components\espressif__tinyusb\hw\bsp\stm32f0\boards\stm32f070rbnucleo\stm32F070rbtx_flash.ld","C3B12D42AB473CCEE1F5FAF71D6DDEAAAE0E6331640D82C450FD48227749CBB4"
"components\espressif__tinyusb\hw\bsp\stm32f0\boards\stm32f072disco\board.cmake","F90E01BB8C7A7FA8F62236E3714F34CB771B9FD0F5DC10C763EF77F1BC3B9FDC"
"components\espressif__tinyusb\hw\bsp\stm32f0\boards\stm32f072disco\board.h","211EB7C6FC721704564E8C4C37AA9123F091B8ED46419D12FA6A344B47F5D258"
"components\espressif__tinyusb\hw\bsp\stm32f0\boards\stm32f072disco\board.mk","9189B634A2D247797B0D56803066A2FF5C8A60A0CAC8D58BCE7EABFBE5F92C98"
"components\espressif__tinyusb\hw\bsp\stm32f0\boards\stm32f072disco\STM32F072RBTx_FLASH.ld","940D73B67A8B913E3B78CF627789E8D965D2FFC1023623DECA0FB784F43F0A20"
"components\espressif__tinyusb\hw\bsp\stm32f0\boards\stm32f072eval\board.cmake","CD170136BFD25868FED803F4F03D52C1AC896F0F18D2CFB7664876F001F22358"
"components\espressif__tinyusb\hw\bsp\stm32f0\boards\stm32f072eval\board.h","93D7D52A23F8736DCD4EB3DCE6CD46BACD1C49FBBB8BD0E5A070A28B47D1E031"
"components\espressif__tinyusb\hw\bsp\stm32f0\boards\stm32f072eval\board.mk","16C86909BAE392F339CA9CB7AC0F1045967936358A3C18251E10DE254081FF45"
"components\espressif__tinyusb\hw\bsp\stm32f0\boards\stm32f072eval\STM32F072VBTx_FLASH.ld","CF4070F30685CAD90014CFE7BAC43E9C4E6CFA3C43FD02C36F2CA0B8EB0E2752"
"components\espressif__tinyusb\hw\bsp\stm32f0\FreeRTOSConfig\FreeRTOSConfig.h","A0537976AF86BEAE2EC43D773DA6E9314976068009931595F3E1F8153BE0B7CF"
"components\espressif__tinyusb\hw\bsp\stm32f1\family.c","A859AE7C25D01B77AE601A83EAC85B6B8268E890576DF75AF7A44508954F8F56"
"components\espressif__tinyusb\hw\bsp\stm32f1\family.cmake","D93D7F66724BBB95E061534C25A0601A68CE042D5E9E04A3D0DB848AFF405863"
"components\espressif__tinyusb\hw\bsp\stm32f1\family.mk","A8F28EEC58E2F8CAB00A6C9D3601B766A27438A760190F9DEB8D453713F62F6B"
"components\espressif__tinyusb\hw\bsp\stm32f1\stm32f1xx_hal_conf.h","27D31EFAE178702CEA470910CFC42A1752998E99A523B8EA7421586324BA44A6"
"components\espressif__tinyusb\hw\bsp\stm32f1\boards\stm32f103ze_iar\board.cmake","21C9CEC6AFDBA3968E74D47BEBE69AA15BB7C84F3279C1EF5AAF139B13AD8DEE"
"components\espressif__tinyusb\hw\bsp\stm32f1\boards\stm32f103ze_iar\board.h","30F946A27319926ED22DCB951863820F51C88E9AED16C5A26F77EC393F0C4821"
"components\espressif__tinyusb\hw\bsp\stm32f1\boards\stm32f103ze_iar\board.mk","AF5F1A2F4A5B351429FE81AA7BC013E4DD217613B56C8713BF5B68C71F79D4FA"
"components\espressif__tinyusb\hw\bsp\stm32f1\boards\stm32f103_bluepill\board.cmake","30D07B4F54EBA77EE1C17BDC93BE80188E0E834A12396B6FAEE0BBB266D1FD84"
"components\espressif__tinyusb\hw\bsp\stm32f1\boards\stm32f103_bluepill\board.h","4E82D45342E8DF04E9ECACF30A40BD3FA6B4B609F15A077E84A63AB466DC62E6"
"components\espressif__tinyusb\hw\bsp\stm32f1\boards\stm32f103_bluepill\board.mk","EA3D02BE51ED2B4F9B72FFD5FEEC34A08AB53275B4669846B07E246D269F792E"
"components\espressif__tinyusb\hw\bsp\stm32f1\boards\stm32f103_bluepill\stm32f103x8_flash.icf","4693A68829D8E38B5BC664651322E0001211EBB178E4ED9F61B0D09E5FCA6D58"
"components\espressif__tinyusb\hw\bsp\stm32f1\boards\stm32f103_bluepill\STM32F103X8_FLASH.ld","E2D2FDC72D8BCBB916AD1894A9CDAA345F82E75F3B25941EC4F35315A351C836"
"components\espressif__tinyusb\hw\bsp\stm32f1\boards\stm32f103_mini_2\board.cmake","900FABA6DAC6DC26019262E76F3F55B8936B1D8433A64C8954D8886F2C210367"
"components\espressif__tinyusb\hw\bsp\stm32f1\boards\stm32f103_mini_2\board.h","27EAE49A03DC4A68F2B2023B2B0322BED65CC6600C749189DF07323FE9D17676"
"components\espressif__tinyusb\hw\bsp\stm32f1\boards\stm32f103_mini_2\board.mk","0E2F056C27C179B1CAEAEAA1D2E9F5041AA0CE0F5F141EB6EE308A6577934069"
"components\espressif__tinyusb\hw\bsp\stm32f1\boards\stm32f103_mini_2\stm32f103xc_flash.icf","3D6FFCD1C3A39B2790AE7F179F0FFCD2C532843C2632DC179B737D9743F712F8"
"components\espressif__tinyusb\hw\bsp\stm32f1\boards\stm32f103_mini_2\STM32F103XC_FLASH.ld","2A17FEAE85171A8189AFEAAC243D9AF2AB772495F4963C85840BFF0F85CF822B"
"components\espressif__tinyusb\hw\bsp\stm32f1\FreeRTOSConfig\FreeRTOSConfig.h","FC78780079BA38A306414A7B9BB00BFEC719AB73A9C9C0F6116075D90722617E"
"components\espressif__tinyusb\hw\bsp\stm32f2\family.c","89A398EE1A19F2281CDBC18783B063084BA40464FF98F5490C68082354ADEB50"
"components\espressif__tinyusb\hw\bsp\stm32f2\family.cmake","926C1328E02F954975EC6E2E8FBA514D51CB97DCECC71CCAB529A52E6EED7A25"
"components\espressif__tinyusb\hw\bsp\stm32f2\family.mk","E5DDEEE65B830873A0C57DA35CE32AEA10D02DE22CE2A547F6C6901149EBAEFC"
"components\espressif__tinyusb\hw\bsp\stm32f2\stm32f2xx_hal_conf.h","70DA36E5F41D92FA1C4F3D6C05E9047A9DCA32546EB2EE824155916D417E3353"
"components\espressif__tinyusb\hw\bsp\stm32f2\boards\stm32f207nucleo\board.cmake","E8B33809D1197106DA299F8D582BB1E02AC5EADFC44F935285E7890FD55C846C"
"components\espressif__tinyusb\hw\bsp\stm32f2\boards\stm32f207nucleo\board.h","EDC00EB8A1554A90334A5909A71C2CA654C245FF13ED4A2D86F6577CC82349D9"
"components\espressif__tinyusb\hw\bsp\stm32f2\boards\stm32f207nucleo\board.mk","1BE93735D87CD1EEDC881B16E26976149337FC0093A74A364067C3654AE9B5DC"
"components\espressif__tinyusb\hw\bsp\stm32f2\boards\stm32f207nucleo\STM32F207ZGTx_FLASH.ld","061297BD949FFAB18A19A2346C2BE3F14FF8ADA94568ED15EF74016FF326C601"
"components\espressif__tinyusb\hw\bsp\stm32f2\FreeRTOSConfig\FreeRTOSConfig.h","70079B58E32D28C5793BB31FEBE9DE15568B5C3176B28336F82D8A506AE9B254"
"components\espressif__tinyusb\hw\bsp\stm32f3\family.c","739A2F1C97D0CDDAE4F448E5171D91C6096FA7C836489498DD609A97D566EBE5"
"components\espressif__tinyusb\hw\bsp\stm32f3\family.cmake","D7315F6FB3865DF4DAFD836083AB13C6F216589F8A6A2E63D827D4E0293C71FA"
"components\espressif__tinyusb\hw\bsp\stm32f3\family.mk","9E7903A844607A21CA23D98A6BCF213163BA1556EDD4C2A26138DE7EF79948F0"
"components\espressif__tinyusb\hw\bsp\stm32f3\stm32f3xx_hal_conf.h","883A2803C4B20367D2AA1E2F1F2DD5EFC01B57B20F15387EC4B5FFEB1F3C9635"
"components\espressif__tinyusb\hw\bsp\stm32f3\boards\stm32f303disco\board.cmake","160DB9D05390EC534A70DE21AE2BB46ED70B28F32F4BBA41C12C8BACAA31E3AF"
"components\espressif__tinyusb\hw\bsp\stm32f3\boards\stm32f303disco\board.h","D5EC7424D95F7412B7874B1C3FFD8D46763D48DEF3B17FE2A7C5E38735A4BAE7"
"components\espressif__tinyusb\hw\bsp\stm32f3\boards\stm32f303disco\board.mk","A4BC7D09D76A8C4134D9B6F6324380C5844CB7C63A38B1A12A2DBC21F9BEEE0B"
"components\espressif__tinyusb\hw\bsp\stm32f3\boards\stm32f303disco\STM32F303VCTx_FLASH.ld","F97B0DB7CD1C5A8F82D08142CA85B48B1B871E487FCD1FE6C2F4BA9A805F3348"
"components\espressif__tinyusb\hw\bsp\stm32f3\FreeRTOSConfig\FreeRTOSConfig.h","29C02DB43DE30A7D35985EB8242C7F9BD4C6CF7961CB5EC4FC5A328658CDD624"
"components\espressif__tinyusb\hw\bsp\stm32f4\family.c","294E2C04A0B66852FD7C3D16C9903B125084E990F0DC530263E403651CA695A8"
"components\espressif__tinyusb\hw\bsp\stm32f4\family.cmake","C5257B8EC128D13B874ACC714F7D919C8DB77D61E0C666B684856C4BA5F72054"
"components\espressif__tinyusb\hw\bsp\stm32f4\family.mk","75159596E170DD111B1874521DC9E0F5EF6BE400F157F0E4AF29FD68F715B821"
"components\espressif__tinyusb\hw\bsp\stm32f4\stm32f4xx_hal_conf.h","3A85B06EA3EDCDB9119214DD49A001825D33FC16889827D9E347186D1EBFA68A"
"components\espressif__tinyusb\hw\bsp\stm32f4\boards\feather_stm32f405\board.cmake","D006DF42A26601FB9938A6B544B8743C23ACD3033F4CD8F6899129CD477BCCA9"
"components\espressif__tinyusb\hw\bsp\stm32f4\boards\feather_stm32f405\board.h","0009D32D93C562C2FF7C45969FBFC978C95656CE41F06662FCD529AB64B289DA"
"components\espressif__tinyusb\hw\bsp\stm32f4\boards\feather_stm32f405\board.mk","E04C63F563CD52896AC110C261E3F2CD1B40F0308A4908FD05E73F0E4E56E849"
"components\espressif__tinyusb\hw\bsp\stm32f4\boards\feather_stm32f405\STM32F405RGTx_FLASH.ld","BEE853F1E09CCBA3A83894D7119A77718BD9894EBB39A918E48F777C05965295"
"components\espressif__tinyusb\hw\bsp\stm32f4\boards\feather_stm32f405\stm32f4xx_hal_conf.h","D9FCED8A04EEC471A9A4F67F846788A1BA59557DD401EE1E434BD741A1EABB2D"
"components\espressif__tinyusb\hw\bsp\stm32f4\boards\pyboardv11\board.cmake","D006DF42A26601FB9938A6B544B8743C23ACD3033F4CD8F6899129CD477BCCA9"
"components\espressif__tinyusb\hw\bsp\stm32f4\boards\pyboardv11\board.h","8B5F82C8DE14829221577216CFD9078C544FA88409782BC09EB46E8D1857CE2D"
"components\espressif__tinyusb\hw\bsp\stm32f4\boards\pyboardv11\board.mk","BDA8C130AF8B7286DABBA982C2F42BABF571CF576E1F3C8CE9AD3887B1FFC4F5"
"components\espressif__tinyusb\hw\bsp\stm32f4\boards\pyboardv11\STM32F405RGTx_FLASH.ld","BEE853F1E09CCBA3A83894D7119A77718BD9894EBB39A918E48F777C05965295"
"components\espressif__tinyusb\hw\bsp\stm32f4\boards\pyboardv11\stm32f4xx_hal_conf.h","D9FCED8A04EEC471A9A4F67F846788A1BA59557DD401EE1E434BD741A1EABB2D"
"components\espressif__tinyusb\hw\bsp\stm32f4\boards\stm32f401blackpill\board.cmake","760FCA17EB392F8480873509F2C7BA0115A0CBF2BE8222D050A5A2FB5D8E6119"
"components\espressif__tinyusb\hw\bsp\stm32f4\boards\stm32f401blackpill\board.h","4E699FA562F0AAE23FB38862644FE2E20A67D921FCAA6B3A2A17C4B941B4D38F"
"components\espressif__tinyusb\hw\bsp\stm32f4\boards\stm32f401blackpill\board.mk","97293EB1BC2D68A4EA51ABBCC34F710F7A90DCCD0F3365A8C76776B8A14AA120"
"components\espressif__tinyusb\hw\bsp\stm32f4\boards\stm32f401blackpill\STM32F401VCTx_FLASH.ld","99CD5E2CDEA3F7E97EDA6DDDE5E43CF10763DE0AA950D49F9C25631E39BEE057"
"components\espressif__tinyusb\hw\bsp\stm32f4\boards\stm32f401blackpill\stm32f4xx_hal_conf.h","BFC0BD4D83DA42A5EA16BEA2ED6F4E49E2BC64D0C89A42BFBFFFACDE7DA380F5"
"components\espressif__tinyusb\hw\bsp\stm32f4\boards\stm32f407blackvet\board.cmake","F25CBF7B9427D2EA12D6F5D9F78F2495724B3DF92C40F0833899F5B99D9A489A"
"components\espressif__tinyusb\hw\bsp\stm32f4\boards\stm32f407blackvet\board.h","D6B63F44FAB7236D93924980D94EC36A722EA37F3DA2AC02B38E104360D8BE3A"
"components\espressif__tinyusb\hw\bsp\stm32f4\boards\stm32f407blackvet\board.mk","1C26B6C3C54E5DE48320CB164D337D951D1C5ED866A3E3F29C3880D3ED2BA34E"
"components\espressif__tinyusb\hw\bsp\stm32f4\boards\stm32f407blackvet\STM32F407VETx_FLASH.ld","0F09A97EF9E717D7072630BE58A0EE8A704CA4E4DB9C60107474D572D505F671"
"components\espressif__tinyusb\hw\bsp\stm32f4\boards\stm32f407blackvet\stm32f4xx_hal_conf.h","3A85B06EA3EDCDB9119214DD49A001825D33FC16889827D9E347186D1EBFA68A"
"components\espressif__tinyusb\hw\bsp\stm32f4\boards\stm32f407disco\board.cmake","3DBFEDB00BF5BD745E25C5428CC875B83C49B749DCBDAFDC0DF408D11D9D9AEF"
"components\espressif__tinyusb\hw\bsp\stm32f4\boards\stm32f407disco\board.h","ACAD3B5AD2BECFEB1C8D2974C944D4FC5414A55DB7DFF3DB11A4CA0BD2EA191E"
"components\espressif__tinyusb\hw\bsp\stm32f4\boards\stm32f407disco\board.mk","694076F014B4967CB8B8C7D20CF3D90E1138BEF9566E6E4FF5FD94C02C6AF55E"
"components\espressif__tinyusb\hw\bsp\stm32f4\boards\stm32f407disco\STM32F407VGTx_FLASH.ld","0D0BDC4A1C52ED822961406E387DBF763E0AF56FE7A4A8EB18D717AB58EC5730"
"components\espressif__tinyusb\hw\bsp\stm32f4\boards\stm32f407disco\stm32f4xx_hal_conf.h","3A85B06EA3EDCDB9119214DD49A001825D33FC16889827D9E347186D1EBFA68A"
"components\espressif__tinyusb\hw\bsp\stm32f4\boards\stm32f411blackpill\board.cmake","67101D663226C199208267B5FFD11024E25031C9A522E967D9289E0BD51AD2E0"
"components\espressif__tinyusb\hw\bsp\stm32f4\boards\stm32f411blackpill\board.h","934142E08CB51A365121D0E98D8DF53ECFC2EB33BFED38D431BC3A6986ADDAE1"
"components\espressif__tinyusb\hw\bsp\stm32f4\boards\stm32f411blackpill\board.mk","15EB9F92220665C5A3CE7C08BC28F24FCB5F0957037D9B8E3807DBCB87362295"
"components\espressif__tinyusb\hw\bsp\stm32f4\boards\stm32f411blackpill\STM32F411CEUx_FLASH.ld","F4F017237866EE5D35DF80B42138124B2E6E7A6C78F9E3E0A196BA73F17A868E"
"components\espressif__tinyusb\hw\bsp\stm32f4\boards\stm32f411blackpill\stm32f4xx_hal_conf.h","BFC0BD4D83DA42A5EA16BEA2ED6F4E49E2BC64D0C89A42BFBFFFACDE7DA380F5"
"components\espressif__tinyusb\hw\bsp\stm32f4\boards\stm32f411disco\board.cmake","6B0D36D0E2832D9366D72737D94FF3BBDAB75EC423753C80F0943CF01B8219F5"
"components\espressif__tinyusb\hw\bsp\stm32f4\boards\stm32f411disco\board.h","86A34ED41A24D45D0D9E7D6EC3FBBD13A6DFC08BB839B72662F2D06F43F5F3F9"
"components\espressif__tinyusb\hw\bsp\stm32f4\boards\stm32f411disco\board.mk","C313DCE8A8492440EF9CE0826C7B7F134428C1D3A03100B6F00093E7461A0014"
"components\espressif__tinyusb\hw\bsp\stm32f4\boards\stm32f411disco\STM32F411VETx_FLASH.ld","466E6D195B5F536C25F5AFEF56BF45426E4F106FB281043411F8FB0F5B959298"
"components\espressif__tinyusb\hw\bsp\stm32f4\boards\stm32f411disco\stm32f4xx_hal_conf.h","3A85B06EA3EDCDB9119214DD49A001825D33FC16889827D9E347186D1EBFA68A"
"components\espressif__tinyusb\hw\bsp\stm32f4\boards\stm32f412disco\board.cmake","5737426EB9BBFF1F696467628C4F249C202992F055A536EDFBC01EC5A2A22328"
"components\espressif__tinyusb\hw\bsp\stm32f4\boards\stm32f412disco\board.h","F2C6EFC516C4F4FAE2FFDB5E22B16FC0546042C165384FAEF9961A5496827C0F"
"components\espressif__tinyusb\hw\bsp\stm32f4\boards\stm32f412disco\board.mk","54E4F764523679B28A795AE0EA40F606FF201D5317610B149492EFD21473C74F"
"components\espressif__tinyusb\hw\bsp\stm32f4\boards\stm32f412disco\STM32F412ZGTx_FLASH.ld","82ECADC8CECCDBE662E11315AFFF0F1BE82BCF3C24F5FF6D9A41ADF2675965FD"
"components\espressif__tinyusb\hw\bsp\stm32f4\boards\stm32f412disco\stm32f4xx_hal_conf.h","3A85B06EA3EDCDB9119214DD49A001825D33FC16889827D9E347186D1EBFA68A"
"components\espressif__tinyusb\hw\bsp\stm32f4\boards\stm32f412nucleo\board.cmake","06A28068AC25189D5B30241E63800CD3E4B3F2318DB5F24D25DF5783DAFF4C3F"
"components\espressif__tinyusb\hw\bsp\stm32f4\boards\stm32f412nucleo\board.h","E2909AC0072556C07D762FB1690309F2F0CA9DDDDFE746870921AA25479CE7B2"
"components\espressif__tinyusb\hw\bsp\stm32f4\boards\stm32f412nucleo\board.mk","54E4F764523679B28A795AE0EA40F606FF201D5317610B149492EFD21473C74F"
"components\espressif__tinyusb\hw\bsp\stm32f4\boards\stm32f412nucleo\STM32F412ZGTx_FLASH.ld","82ECADC8CECCDBE662E11315AFFF0F1BE82BCF3C24F5FF6D9A41ADF2675965FD"
"components\espressif__tinyusb\hw\bsp\stm32f4\boards\stm32f412nucleo\stm32f4xx_hal_conf.h","3A85B06EA3EDCDB9119214DD49A001825D33FC16889827D9E347186D1EBFA68A"
"components\espressif__tinyusb\hw\bsp\stm32f4\boards\stm32f439nucleo\board.cmake","CC67BE093DA9FBF663E6911B6647F1D5A4CD512EA78192898EC8A47470C83F6A"
"components\espressif__tinyusb\hw\bsp\stm32f4\boards\stm32f439nucleo\board.h","8AC610549D3528CDB76DE20B9C181FECD67DBE9202238E3F9512FDAF7FB09EDD"
"components\espressif__tinyusb\hw\bsp\stm32f4\boards\stm32f439nucleo\board.mk","D3D8A4D7C62C194EB421D1FEEB2B1DD020159C126A408F232F7D7E4358F28101"
"components\espressif__tinyusb\hw\bsp\stm32f4\boards\stm32f439nucleo\STM32F439ZITX_FLASH.ld","991C65D328E8E6EB949D5B8BA89B068F22240A31D9D9001778FA9D3E4E580928"
"components\espressif__tinyusb\hw\bsp\stm32f4\boards\stm32f439nucleo\stm32f4xx_hal_conf.h","73BE4ABFECAA683265A283EFE0B227D9AE8066A6A7DEAD4378FCEC44C0A02091"
"components\espressif__tinyusb\hw\bsp\stm32f4\FreeRTOSConfig\FreeRTOSConfig.h","AEF8F5E060EED5BDD38F7A5B1F8717BDD76F5F4EC0806A70DD91239AD74C3FE7"
"components\espressif__tinyusb\hw\bsp\stm32f7\family.c","4CDFA240E53A6D6BA11E38F0140461ACD90D1E35E6DD5AA6A42335EE12286640"
"components\espressif__tinyusb\hw\bsp\stm32f7\family.cmake","701052D9C587C6FE7168715DA4ED4A699D8C9B88BFA6E7A61B7B4F03D53CDAA5"
"components\espressif__tinyusb\hw\bsp\stm32f7\family.mk","E0DA0481A7E5AC4E88624E0F9F8F22950E3E51C190C3D732B5A2BAE5A605E249"
"components\espressif__tinyusb\hw\bsp\stm32f7\stm32f7xx_hal_conf.h","19943F6763D53DCFD2CC095BF1250C23156AC5156E9967668EC62509AD415A39"
"components\espressif__tinyusb\hw\bsp\stm32f7\boards\stlinkv3mini\board.cmake","440FB001FD5D7D8737F47028B8BC232C073F01826F0BF1CB462E71DF5B09DCF2"
"components\espressif__tinyusb\hw\bsp\stm32f7\boards\stlinkv3mini\board.h","6556BC2643C8EC2C902DAF0A147E51EDEBAB1CB1EAD56E25F8C99B8592D36A9C"
"components\espressif__tinyusb\hw\bsp\stm32f7\boards\stlinkv3mini\board.mk","494E8465F2CDFE3EED6719DE81C801ED0E369427FB9AF2F6E54CE6006A419249"
"components\espressif__tinyusb\hw\bsp\stm32f7\boards\stlinkv3mini\STM32F723xE_FLASH.ld","CDAC4E2E02CF623E3DCDC1DA43F1D82745B42FE1F02FD95F41D2D503246627C0"
"components\espressif__tinyusb\hw\bsp\stm32f7\boards\stm32f723disco\board.cmake","207804A8290CBD20A895D8F5E9CB7666044CBCE35B36CDCD35396A79FCDE098C"
"components\espressif__tinyusb\hw\bsp\stm32f7\boards\stm32f723disco\board.h","9D59DCEBCEA263D4CB3D723174345488837DB8763E72057B507F30CD55D55DE3"
"components\espressif__tinyusb\hw\bsp\stm32f7\boards\stm32f723disco\board.mk","4E8597E49BE7645C2E8891E01E469B261427C7E0908DF2F7B6B23DCB53FEBEC4"
"components\espressif__tinyusb\hw\bsp\stm32f7\boards\stm32f723disco\STM32F723xE_FLASH.ld","CDAC4E2E02CF623E3DCDC1DA43F1D82745B42FE1F02FD95F41D2D503246627C0"
"components\espressif__tinyusb\hw\bsp\stm32f7\boards\stm32f746disco\board.cmake","1F9B1315C461CE1099B5D730C103313889FE7DA65C7C86E4B627F18A5F89FE0E"
"components\espressif__tinyusb\hw\bsp\stm32f7\boards\stm32f746disco\board.h","08500FDF74EF5D8AF4F409B78A047C8961F45B6B347C64D3115B937796F4630C"
"components\espressif__tinyusb\hw\bsp\stm32f7\boards\stm32f746disco\board.mk","B91DCAD4773A720A0DB060D25341B5D1058B191D3F37E5A7F1143B9BE317D3E7"
"components\espressif__tinyusb\hw\bsp\stm32f7\boards\stm32f746disco\STM32F746ZGTx_FLASH.ld","9E8088A2830194928D02D9534C9D93B0878642BC8357A4E02C096178A17439F7"
"components\espressif__tinyusb\hw\bsp\stm32f7\boards\stm32f746nucleo\board.cmake","7BE3016FC820A93A958979FC8A7BBC7221EBEF5081FB5BD93F22F1EA3947F4D7"
"components\espressif__tinyusb\hw\bsp\stm32f7\boards\stm32f746nucleo\board.h","A043511032E8540DB67B46FFAE5B3C140BE65BC636BAA73AA8C831825347965C"
"components\espressif__tinyusb\hw\bsp\stm32f7\boards\stm32f746nucleo\board.mk","7134F52CBFBA8F86FC6758082618E8863CCB59A9D4D21BBEA47A38C3489F8DA8"
"components\espressif__tinyusb\hw\bsp\stm32f7\boards\stm32f746nucleo\STM32F746ZGTx_FLASH.ld","9E8088A2830194928D02D9534C9D93B0878642BC8357A4E02C096178A17439F7"
"components\espressif__tinyusb\hw\bsp\stm32f7\boards\stm32f767nucleo\board.cmake","7A7F786E899FF1D5E887AD08ABFC69CDC71B6D50ED0DB2387E0FC9A03C5A4CC8"
"components\espressif__tinyusb\hw\bsp\stm32f7\boards\stm32f767nucleo\board.h","5847CB18A3522F3C2C06A483837D2AE28819D05B1D6F08027CBCD5A953EC4A83"
"components\espressif__tinyusb\hw\bsp\stm32f7\boards\stm32f767nucleo\board.mk","8471537BE70449581A54E158721668365F60F313E4C2CD099225E6455C0F636E"
"components\espressif__tinyusb\hw\bsp\stm32f7\boards\stm32f767nucleo\STM32F767ZITx_FLASH.ld","5A43DC38BABA5D7876DC07DFC88C3014E7D006207B732C252D95496B6A16386D"
"components\espressif__tinyusb\hw\bsp\stm32f7\boards\stm32f769disco\board.cmake","1E1F09B02DF1CA21D83FCA2D3960D53B7A53ABC51CF238CC500DFF4DCFBD896D"
"components\espressif__tinyusb\hw\bsp\stm32f7\boards\stm32f769disco\board.h","3FB09ED0CDD034991E3921DC88D7665887649F94C24272C93167BAE88C67C7E8"
"components\espressif__tinyusb\hw\bsp\stm32f7\boards\stm32f769disco\board.mk","AAD71317EC8C5AEEE79B1C925595CDC47B130D9F693E66DD4B772C0B1E9A5537"
"components\espressif__tinyusb\hw\bsp\stm32f7\boards\stm32f769disco\STM32F769ZITx_FLASH.ld","5A43DC38BABA5D7876DC07DFC88C3014E7D006207B732C252D95496B6A16386D"
"components\espressif__tinyusb\hw\bsp\stm32f7\FreeRTOSConfig\FreeRTOSConfig.h","E5B6ED63163FBB8DA4093F58D038866B651C010DC1F1DA426796DA6C43732447"
"components\espressif__tinyusb\hw\bsp\stm32g0\family.c","5CB140447ECCB0BECEFC007673B24A5DAAF0D9805E07DD16EB7D409CDC7E63DE"
"components\espressif__tinyusb\hw\bsp\stm32g0\family.cmake","03D39D20E35F5F7AC4A279067A1484E04B8F1F1CA8E6EFBCE0315DDF50E947C3"
"components\espressif__tinyusb\hw\bsp\stm32g0\family.mk","36CEBF33E62232E6057D0FFE0A9EE58281AF8D95F7B2CE4E7AA872FE9C8BA030"
"components\espressif__tinyusb\hw\bsp\stm32g0\stm32g0xx_hal_conf.h","D15FC76CBFCC9E97794AA65B8CD2A9F978F3F0D8689C79DAB2FB35910024C2D2"
"components\espressif__tinyusb\hw\bsp\stm32g0\boards\stm32g0b1nucleo\board.cmake","EFAE3FE61BC07492A2CDD4D262EC2A89A00B9E83EA8EFF48BDD9B95616CC4E21"
"components\espressif__tinyusb\hw\bsp\stm32g0\boards\stm32g0b1nucleo\board.h","FA8126510DD449AC88FA04D31735471CE363702AD06074BB1DC20431D6C31835"
"components\espressif__tinyusb\hw\bsp\stm32g0\boards\stm32g0b1nucleo\board.mk","EB9EF767F41D93B449727103A21B6B78B80192AC8C6C40CED7B5FB18860EDC0E"
"components\espressif__tinyusb\hw\bsp\stm32g0\boards\stm32g0b1nucleo\STM32G0B1RETx_FLASH.ld","3EB4F6E32D1201F1F688D5423C2CFA04A5D2E0018FBB62E30707E8100CD02F9C"
"components\espressif__tinyusb\hw\bsp\stm32g0\FreeRTOSConfig\FreeRTOSConfig.h","DF5A4956B99DE475B5F81153086C836A80516ADDFE04D30019AD861138CC089F"
"components\espressif__tinyusb\hw\bsp\stm32g4\family.c","3B4BFD6A5C34672A0C6C4DC77234F1120BB308FF7F52B48E06D1CF474BABE1F9"
"components\espressif__tinyusb\hw\bsp\stm32g4\family.cmake","80758006571726191F8F615CA7EE2FC33A3D71708574CEC03F7AA47CF0120CCC"
"components\espressif__tinyusb\hw\bsp\stm32g4\family.mk","3F1D1F022A676B393EA7F4344C6CFC513058134839CE0F1D9868E0208CA4E2F9"
"components\espressif__tinyusb\hw\bsp\stm32g4\stm32g4xx_hal_conf.h","027E040389AAB46EDB1A1083E9ADE2B30F2E37524E1588263993CE20C6A351ED"
"components\espressif__tinyusb\hw\bsp\stm32g4\boards\b_g474e_dpow1\board.cmake","E225A34F11D05F6583D4E3E5FA7F465FF1C08921944B1E47FC16588098B60957"
"components\espressif__tinyusb\hw\bsp\stm32g4\boards\b_g474e_dpow1\board.h","493D30C8447F3F5A82E187CF5DC6546062A7887F9721470F6CEE39DA8140295E"
"components\espressif__tinyusb\hw\bsp\stm32g4\boards\b_g474e_dpow1\board.mk","F91E41330C2ED90C45388CE0A49D3AE6E83DF718952B284D2B825E10F91B3AD8"
"components\espressif__tinyusb\hw\bsp\stm32g4\boards\b_g474e_dpow1\STM32G474RETx_FLASH.ld","956EAF7675B624062E0CE4DF2E8C92F17547B1D475315C92973783A9D3A1479A"
"components\espressif__tinyusb\hw\bsp\stm32g4\boards\b_g474e_dpow1\cubemx\b_g474e_dpow1.ioc","45397BAB4384EF4250470206B99876A4BE6A8ED97AD4183276BD5C05EB82A575"
"components\espressif__tinyusb\hw\bsp\stm32g4\boards\stm32g474nucleo\board.cmake","F7C83BF04C1E1E6C33F178222DDC354DB6A175BF0DE49B0FFE45C0701ED6ACA4"
"components\espressif__tinyusb\hw\bsp\stm32g4\boards\stm32g474nucleo\board.h","BEBF20B2DDC186CC683422E53BD12FEB1F8E40EE0F7029DF2E212AA9159B56B3"
"components\espressif__tinyusb\hw\bsp\stm32g4\boards\stm32g474nucleo\board.mk","CB44E322FCAC0DEADA0C7D98A222432CA6E2E90C140B43C23FBC31CC0C3D111C"
"components\espressif__tinyusb\hw\bsp\stm32g4\boards\stm32g474nucleo\STM32G474RETx_FLASH.ld","956EAF7675B624062E0CE4DF2E8C92F17547B1D475315C92973783A9D3A1479A"
"components\espressif__tinyusb\hw\bsp\stm32g4\boards\stm32g491nucleo\board.cmake","4A0BA4599D572C63E0CA5F720C02A41186B9D19D9998064E732F36D2F3A04F41"
"components\espressif__tinyusb\hw\bsp\stm32g4\boards\stm32g491nucleo\board.h","451EFEE72E7088FA1638BE6FB90A25E2DD54D91BBBC9BDC72C1B4512AAFDFBFD"
"components\espressif__tinyusb\hw\bsp\stm32g4\boards\stm32g491nucleo\board.mk","2242DCDB64718450348E7DB297CC479A0155107D50773951225328B396225D56"
"components\espressif__tinyusb\hw\bsp\stm32g4\boards\stm32g491nucleo\STM32G491RETX_FLASH.ld","F2028F136663C168E6F10619511433D40CF92B898762378700D88CD09E9A3A8C"
"components\espressif__tinyusb\hw\bsp\stm32g4\FreeRTOSConfig\FreeRTOSConfig.h","2751985163D8D95F5DDAEA81081C19FDE2EBDB00010593D7CB0DB31AAD573A4E"
"components\espressif__tinyusb\hw\bsp\stm32h5\family.c","7D24CBB5E88941EDD8A86607EC599DC9956E7E79F58FFBCDAD2B330AF57F329E"
"components\espressif__tinyusb\hw\bsp\stm32h5\family.cmake","52357331F7FAC3B4630C2F39B8D7840EFFF3DEEF2F7355167696E003BB9096B9"
"components\espressif__tinyusb\hw\bsp\stm32h5\family.mk","B33B33C9660D160B1775EC6301E88907ED1320F4B19425E2188FABAA404A9EA4"
"components\espressif__tinyusb\hw\bsp\stm32h5\stm32h5xx_hal_conf.h","66C13A8D7057034236C94816CF9A5B974C33A154FC7FF02DE49F7488678DE972"
"components\espressif__tinyusb\hw\bsp\stm32h5\boards\stm32h503nucleo\board.cmake","D5CA4BE099190EB2E3FDDE9CD10828DFE04B8108708E04B6B2DE2B0E63990AC8"
"components\espressif__tinyusb\hw\bsp\stm32h5\boards\stm32h503nucleo\board.h","4BC350C9090FF9FE9DF1A180EB7131C19BA94BB43C62D3AD0AEA90B388D4CE80"
"components\espressif__tinyusb\hw\bsp\stm32h5\boards\stm32h503nucleo\board.mk","C0976CE497DDB58BD5AC2501E2D0C62C2BE3E6E5A5546C9301474916A88A9EED"
"components\espressif__tinyusb\hw\bsp\stm32h5\boards\stm32h563nucleo\board.cmake","19AD237B33AA867F53923F4FC9C1C9323F44E67165660D128941F0DC488FE59D"
"components\espressif__tinyusb\hw\bsp\stm32h5\boards\stm32h563nucleo\board.h","ADF7666C1E78BEF3E0474C0D57DB021545CE792AEC473EA0C5FB975E3904B05E"
"components\espressif__tinyusb\hw\bsp\stm32h5\boards\stm32h563nucleo\board.mk","DF6FB3F0B5E4296A181C7BEDB75AA6873563C1AB6B72438F911FCBBD91EC9348"
"components\espressif__tinyusb\hw\bsp\stm32h5\boards\stm32h563nucleo\cubemx\stm32h563nucleo.ioc","F3A8C2884AB66C7F4C8B89FC633C3543D93082F37DA4C3D8ECBE32B8EC7D1E6B"
"components\espressif__tinyusb\hw\bsp\stm32h5\boards\stm32h573i_dk\board.cmake","F74F8BA1E21BAA38124F551D92520FF39142F0DF38D379F59125B9BF11DBDAC3"
"components\espressif__tinyusb\hw\bsp\stm32h5\boards\stm32h573i_dk\board.h","F2425ED015BE791F9022F662B6D312C777721EA3738740E80E17D505E2B844D9"
"components\espressif__tinyusb\hw\bsp\stm32h5\boards\stm32h573i_dk\board.mk","66CB911076F389DE3548A5DBC19FE4BD6CCE3D180016E3008BFBA36E71CFA285"
"components\espressif__tinyusb\hw\bsp\stm32h5\FreeRTOSConfig\FreeRTOSConfig.h","812061159755DD89102B506C0D25BEB02C992D1C002842A81EA5B3398F242579"
"components\espressif__tinyusb\hw\bsp\stm32h5\linker\STM32H503xx_FLASH.ld","48132D29B34969D28DE1BEF423DA6C99C335B9F437298D93A37C616EF210F2A6"
"components\espressif__tinyusb\hw\bsp\stm32h5\linker\STM32H523xx_FLASH.ld","F2EDF8A1DA1B04D44B012130B1B83F33B2359B549E71BDEA261A74C00E4D6C94"
"components\espressif__tinyusb\hw\bsp\stm32h5\linker\STM32H533xx_FLASH.ld","0A1A0321F578BDBEFCF4D0C814423D6212C53FE5CF94C931C66367825ABE2EE7"
"components\espressif__tinyusb\hw\bsp\stm32h5\linker\STM32H562xx_FLASH.ld","33A52CF72CC6E7DB66FD7FE5DE570C06960A4016802F3629251B12BEB0E44AA3"
"components\espressif__tinyusb\hw\bsp\stm32h5\linker\STM32H563xx_FLASH.ld","1B3EE02B3590770096DE5450C56D9E45D636B61D170124ABF883813DD840355A"
"components\espressif__tinyusb\hw\bsp\stm32h5\linker\STM32H573xx_FLASH.ld","CC21142D77F6257AA99C3990F05CFD2FDA2A990882BE1EE1EB8E61E0BF54DED3"
"components\espressif__tinyusb\hw\bsp\stm32h7\family.c","BA4261317E60B4F2E8C80DC963AA5CC4CB9C05112F17474F89E221C8DCA01487"
"components\espressif__tinyusb\hw\bsp\stm32h7\family.cmake","9864959940BB4FD286281B1CA738EE9AAB395E5B11F68BFB5FB10F629B146228"
"components\espressif__tinyusb\hw\bsp\stm32h7\family.mk","FEC697177AF048030FEE8963EEF20E7F593896913C3663D86D55E1A5F279A65E"
"components\espressif__tinyusb\hw\bsp\stm32h7\stm32h7xx_hal_conf.h","AB0F15E3D76E445C4206A4948A471747C662C2A6B11602F820E059E643F04905"
"components\espressif__tinyusb\hw\bsp\stm32h7\boards\daisyseed\board.cmake","DDF84AE3F61195DC2565E62F07BF03404965F6760D209AF065C225AEE9A74F5B"
"components\espressif__tinyusb\hw\bsp\stm32h7\boards\daisyseed\board.h","95DC28DE2A13529D581B0A43245FD2E714983560DD46DB674E825C7C4D5FEFC9"
"components\espressif__tinyusb\hw\bsp\stm32h7\boards\daisyseed\board.mk","4334DE84B501CB3E5998EC7BA03F9808BE36AD81CF86F3BAD3F52115A3193B7D"
"components\espressif__tinyusb\hw\bsp\stm32h7\boards\daisyseed\stm32h750ibkx_flash.ld","85B6F1FA27C856C171AD9AF918E7D755DB1B2398EA756D910D182BDA04FC7DF8"
"components\espressif__tinyusb\hw\bsp\stm32h7\boards\daisyseed\stm32h750ibkx_ram.ld","09623A99B7D52402779B521140FCC10C5C1188834BE01439B0EB83346A3569DD"
"components\espressif__tinyusb\hw\bsp\stm32h7\boards\stm32h723nucleo\board.cmake","FC72136E2E42256925A80C059BFC5325067C414D954D4302876EAA6831250B44"
"components\espressif__tinyusb\hw\bsp\stm32h7\boards\stm32h723nucleo\board.h","A59E76E9551A0651930B326E1D19FB88E45A75728DBF5AF49C0E192C807DE1B6"
"components\espressif__tinyusb\hw\bsp\stm32h7\boards\stm32h723nucleo\board.mk","DAF02E9EAA3B9F48180BA1FD4663B1500ACB5E362D6041E085BE0B5313AD027F"
"components\espressif__tinyusb\hw\bsp\stm32h7\boards\stm32h743eval\board.cmake","632D00C595B868FE7BE4374D261728F7AA719589EB2ECA56D99D149FD310E66A"
"components\espressif__tinyusb\hw\bsp\stm32h7\boards\stm32h743eval\board.h","6DCB3C7C04E1D88389F1B62E2F5798211452F34091490913C2FD73F81EC719CC"
"components\espressif__tinyusb\hw\bsp\stm32h7\boards\stm32h743eval\board.mk","382B4672E16ACD7525B194302F99B1DFB840C4BBC9683A369BBD1247531A9492"
"components\espressif__tinyusb\hw\bsp\stm32h7\boards\stm32h743eval\cubemx\stm32h743eval.ioc","9D6EE1F1F93E9C4A14AD87D3549698DD1E7576553641C65E85497D3F9C64B815"
"components\espressif__tinyusb\hw\bsp\stm32h7\boards\stm32h743eval\ozone\stm32h743.jdebug","4EDCFC3E47F4F1937189961EACF903DB05A346C3FB44B581677EFED729192426"
"components\espressif__tinyusb\hw\bsp\stm32h7\boards\stm32h743nucleo\board.cmake","DFF03C94EEDB6841C1269117A1804A7798A485C6807AC502CB8691C1E409DC41"
"components\espressif__tinyusb\hw\bsp\stm32h7\boards\stm32h743nucleo\board.h","9F1552CF4669910EF36F99711C23D6AF3586F05BAFDDBE69B405C4F7BDD38898"
"components\espressif__tinyusb\hw\bsp\stm32h7\boards\stm32h743nucleo\board.mk","AFCDAB3AB10534F598E9EF1F2907EC64769392380203A92AA9E236A000D73AB7"
"components\espressif__tinyusb\hw\bsp\stm32h7\boards\stm32h743nucleo\cubemx\stm32h743nucleo.ioc","B32A16ECA0AE5DB3FCA61D7FBD59CD13CA39B1600948F0885B7F908BCFBD2818"
"components\espressif__tinyusb\hw\bsp\stm32h7\boards\stm32h745disco\board.cmake","11E969AED7EDADDBD9B3C6B32B45D59019679854100574A484AD8506A9AB9881"
"components\espressif__tinyusb\hw\bsp\stm32h7\boards\stm32h745disco\board.h","DFA920B64008BF1348C9B8B7B94EA66F2F498214D59BBB7185FCA4E00E9B0B4C"
"components\espressif__tinyusb\hw\bsp\stm32h7\boards\stm32h745disco\board.mk","ADE5B90066E0D31840424F1611F03311620A1BC089283130BFCE10F4C3F0B174"
"components\espressif__tinyusb\hw\bsp\stm32h7\boards\stm32h750bdk\board.cmake","82AC06F42400A0EA12D0DDF30D5DA7ADB6770CBED2642170516772522731C963"
"components\espressif__tinyusb\hw\bsp\stm32h7\boards\stm32h750bdk\board.h","C8AB3BB382259AF76D7EFB8AD58D8CF86A1E203C3F97FCA61C505292C0230150"
"components\espressif__tinyusb\hw\bsp\stm32h7\boards\stm32h750bdk\board.mk","BBEEB8607D527DF5006D7ADE16B9A9408C5290B9B3866777DA3CD08C398D05D6"
"components\espressif__tinyusb\hw\bsp\stm32h7\boards\stm32h750bdk\stm32h750xx_flash_CM7.ld","70B7831C1C7A426A3FEEA45320511BCE8C6CCF2F34400969EFE1D9C5325B11C3"
"components\espressif__tinyusb\hw\bsp\stm32h7\boards\stm32h750_weact\board.cmake","222581D01E2570E5C8FB227BD9BA1429B849DF87AF420844B3FDC09C8579EFAB"
"components\espressif__tinyusb\hw\bsp\stm32h7\boards\stm32h750_weact\board.h","5B19E897996A5807B9B7FB9558014D9DD900F951DF4D01077498183B7D5729A3"
"components\espressif__tinyusb\hw\bsp\stm32h7\boards\stm32h750_weact\board.mk","CF7384635ED66F87B32F00D7CCC0C7A2FAE1D3B299F8C2CFEDADE59ED3F67482"
"components\espressif__tinyusb\hw\bsp\stm32h7\boards\stm32h750_weact\stm32h750xx_flash_CM7.ld","70B7831C1C7A426A3FEEA45320511BCE8C6CCF2F34400969EFE1D9C5325B11C3"
"components\espressif__tinyusb\hw\bsp\stm32h7\boards\waveshare_openh743i\board.cmake","36F9D9436B04760D6557422650F04E0CB77D099A4A64F92F3A57C6DAB9A77891"
"components\espressif__tinyusb\hw\bsp\stm32h7\boards\waveshare_openh743i\board.h","A8A9032C46DFA7CC570D1A18C844BAFD88BF64ABA20FDD7E5204A0B08247DD7D"
"components\espressif__tinyusb\hw\bsp\stm32h7\boards\waveshare_openh743i\board.mk","CA338A7ACA0E3A94E9AA10F992CD4007268C9C5C92D425B395D2A0DE0C0D5B00"
"components\espressif__tinyusb\hw\bsp\stm32h7\FreeRTOSConfig\FreeRTOSConfig.h","47A057E7310A6F06AB90A5C60F1E72D91D2BDEDEE7E4C0359D1712FC24612CEC"
"components\espressif__tinyusb\hw\bsp\stm32h7\linker\stm32h723xx_flash.ld","38889CDC6CEB528459112E6F7061D340B07B7B3FDCC46FB15D2D7E2CBB262FBE"
"components\espressif__tinyusb\hw\bsp\stm32h7\linker\stm32h743xx_flash.ld","E5319AC234F80BE432FF84ABE3E10E8BF6DE2D896391C8C54B4969F4A8E8504E"
"components\espressif__tinyusb\hw\bsp\stm32l0\family.c","BA77BC6255C251C00B7301750496FB14A4282E162E6442AC5B8875E2C6898C18"
"components\espressif__tinyusb\hw\bsp\stm32l0\family.cmake","D29AE8AC445E36813D3B24444C2861188CBCC029A3FAE8F132F58DC61BA52151"
"components\espressif__tinyusb\hw\bsp\stm32l0\family.mk","D05B4A3534D54556B9454DF81E8792BBE9816F62E8AEF3E5A3E70513E848B868"
"components\espressif__tinyusb\hw\bsp\stm32l0\stm32l0xx_hal_conf.h","CCC44605748A2F9BFBDC43C42A52733C815DB5C84CF66DEA235F16A6315077A3"
"components\espressif__tinyusb\hw\bsp\stm32l0\boards\stm32l052dap52\board.cmake","80AA2D0EC5B4B3A55856D000422E82F4C8476D5ED17CDEA21FB0B51AF5C2CF2C"
"components\espressif__tinyusb\hw\bsp\stm32l0\boards\stm32l052dap52\board.h","251751969002ADADD581EF33731601BED4DDB2EBFE4D8519E2951E3288D4E425"
"components\espressif__tinyusb\hw\bsp\stm32l0\boards\stm32l052dap52\board.mk","47F700964711FA70FC6F3E0E0517C6591EE1CEDF90497F356D83327BB8ECCA59"
"components\espressif__tinyusb\hw\bsp\stm32l0\boards\stm32l052dap52\STM32L052K8Ux_FLASH.ld","C62399BBB203EDAF19447208521D08DFFC8B1F04E1539CD1D2567AA1C8A90F36"
"components\espressif__tinyusb\hw\bsp\stm32l0\boards\stm32l0538disco\board.cmake","C61452007A09C4892E4289A4DD7A12A832067982AC870967917EE56616DD620A"
"components\espressif__tinyusb\hw\bsp\stm32l0\boards\stm32l0538disco\board.h","6ACFB0F093CB4150BA177880A30EE77234E2223338A7B305964E8D03B0977A3D"
"components\espressif__tinyusb\hw\bsp\stm32l0\boards\stm32l0538disco\board.mk","017E2CBF2205CE6D28E7E203BBE15ACC538CA60C6114D2404C4B2D54384ED01A"
"components\espressif__tinyusb\hw\bsp\stm32l0\boards\stm32l0538disco\STM32L053C8Tx_FLASH.ld","B691979C17E45913CF4AA927211B4519536763A6488F1E43647FD186CDA5E611"
"components\espressif__tinyusb\hw\bsp\stm32l0\FreeRTOSConfig\FreeRTOSConfig.h","202C6AAB6E2831F0C625B1E993FF1EFD2A4363FB87C136B24C72853C61440DCA"
"components\espressif__tinyusb\hw\bsp\stm32l4\family.c","F5808D3CED62B678C490F5BCDD527A839C8B0828FB48665D14933D6FC105B8EB"
"components\espressif__tinyusb\hw\bsp\stm32l4\family.cmake","2E48B2BA5719951D8FF1069D536BF8C90D2DBE625F0E8A5E8495317376800D85"
"components\espressif__tinyusb\hw\bsp\stm32l4\family.mk","0C3FCBDDC3CCF74307D6C39E1AC80A99CF06B67A874D5300DA4ED3071D303991"
"components\espressif__tinyusb\hw\bsp\stm32l4\stm32l4xx_hal_conf.h","E5E57F4ED7435443F859717C63A088719711E23E5B3E85FDC178BD3242E6FE81"
"components\espressif__tinyusb\hw\bsp\stm32l4\boards\stm32l412nucleo\board.cmake","BFD1C56B27E4D065EBFCD3103F4D87C104AC88F023700C3103D811C6A7A83B82"
"components\espressif__tinyusb\hw\bsp\stm32l4\boards\stm32l412nucleo\board.h","FC7EDE7BEDB53AE8CF7F2826D34490311E39B361CC5850CB3E5B425FAADB20B3"
"components\espressif__tinyusb\hw\bsp\stm32l4\boards\stm32l412nucleo\board.mk","B68491CC0DA605E85D0AD40AB203FC17141FB7F9DEA2CA546E92FFF1E9510CE5"
"components\espressif__tinyusb\hw\bsp\stm32l4\boards\stm32l412nucleo\STM32L412KBUx_FLASH.ld","C09984D706AB29000D856B60D7BACB3190886A949A9CC07FD5F2B5E8C77523D6"
"components\espressif__tinyusb\hw\bsp\stm32l4\boards\stm32l476disco\board.cmake","164D64D14DCD5CE272D6264D594D18FFDF70F347473B067FBB7A5740426DA6B0"
"components\espressif__tinyusb\hw\bsp\stm32l4\boards\stm32l476disco\board.h","CB9F19B0518DA03489F90E3D8A46A5884EA3C70C12611706FC5F19811931711C"
"components\espressif__tinyusb\hw\bsp\stm32l4\boards\stm32l476disco\board.mk","6718E1305A352ADD2C925A3AD405E1E40E6CE1A419103536F5EDC8A51C64E241"
"components\espressif__tinyusb\hw\bsp\stm32l4\boards\stm32l476disco\STM32L476VGTx_FLASH.ld","BBD079A655E251DEF4AB3B7484CD70B9AC9CFFF43D03E45D72CF96D304CAC1C8"
"components\espressif__tinyusb\hw\bsp\stm32l4\boards\stm32l4p5nucleo\board.cmake","B8716CF4DDB1B5EDC632A2736C192A6D434D68F5978FB0CF01D5D4B23DC34A79"
"components\espressif__tinyusb\hw\bsp\stm32l4\boards\stm32l4p5nucleo\board.h","D4E426F74CBC841008728BAE1AA5D7210700EFB6807B9A72D5035F415F174C23"
"components\espressif__tinyusb\hw\bsp\stm32l4\boards\stm32l4p5nucleo\board.mk","A7E97F5359869318580D6AB9CBF1A578993C3ABBEA2558CA195BAEE9C0B0EC16"
"components\espressif__tinyusb\hw\bsp\stm32l4\boards\stm32l4p5nucleo\STM32L4P5ZGTX_FLASH.ld","8E1C2F720070FC6A943D8C7AD4CA19536000B494F6F56827984B82342A21B937"
"components\espressif__tinyusb\hw\bsp\stm32l4\boards\stm32l4r5nucleo\board.cmake","F1A41D3780F5D1212BBA1969451EA15832D1D994E04F6EAFF853B026C44083C3"
"components\espressif__tinyusb\hw\bsp\stm32l4\boards\stm32l4r5nucleo\board.h","12B66E8B1EADE3BA295A66C7189D6C4EC58C7BF979508EA90D1117C4081A24F5"
"components\espressif__tinyusb\hw\bsp\stm32l4\boards\stm32l4r5nucleo\board.mk","0143BFD2D123231E8A12F1626557AF44CE99832D444B3D2114C568AA3E74AE96"
"components\espressif__tinyusb\hw\bsp\stm32l4\boards\stm32l4r5nucleo\STM32L4RXxI_FLASH.ld","479B89DC9F102D738AF364F33CF8090BBA64C13905A43A1A7E4868DA1CAAA5A7"
"components\espressif__tinyusb\hw\bsp\stm32l4\FreeRTOSConfig\FreeRTOSConfig.h","0A3B7582FB106E83D9672D2806002C67B72B1E65695C788CB6F61CF04932E836"
"components\espressif__tinyusb\hw\bsp\stm32u5\family.c","65FEDCFEC9A4961A389A8151A0D2A75B37694AE1DF8F85485A733D8B43E1CE60"
"components\espressif__tinyusb\hw\bsp\stm32u5\family.cmake","F82C1A93DB01894B3416253D4C0F83159A1B95A17278F9FAD03953C088A0886A"
"components\espressif__tinyusb\hw\bsp\stm32u5\family.mk","59A3F62FDB246D84A5477BB5AA576CF50DCCF307824EF3FDB6F6D38D2D1125C0"
"components\espressif__tinyusb\hw\bsp\stm32u5\stm32u5xx_hal_conf.h","7BE4838AADCEDB447419193E7BB4E08F1E43B5E21FAB95623C6F136222BC1F48"
"components\espressif__tinyusb\hw\bsp\stm32u5\boards\b_u585i_iot2a\board.cmake","D7AAA064F91E180FA585D375DCF3E13D164A54CA78F7938FBDE887CA4C34ACD4"
"components\espressif__tinyusb\hw\bsp\stm32u5\boards\b_u585i_iot2a\board.h","A6AEF94C11CACF58473594E64EFE7BB1948FD505EBEA9B1AF37A92E505EF0535"
"components\espressif__tinyusb\hw\bsp\stm32u5\boards\b_u585i_iot2a\board.mk","B344002EAD8F13B6D5B1838BAB20BC073B540500B10254364E482420123225E4"
"components\espressif__tinyusb\hw\bsp\stm32u5\boards\stm32u545nucleo\board.cmake","ABBCF633870840F8430724FC2A45576DCCCE3FEA6B6C8C5F04C974C0B3D2692E"
"components\espressif__tinyusb\hw\bsp\stm32u5\boards\stm32u545nucleo\board.h","9F5346ACFAA4F01090363E5297F1C345D15D67E3A4073FAE4B5323165E619B37"
"components\espressif__tinyusb\hw\bsp\stm32u5\boards\stm32u545nucleo\board.mk","6D570524366281F4582C45A7786B2B1F605D27DDCC923590C4A631CD9D64041E"
"components\espressif__tinyusb\hw\bsp\stm32u5\boards\stm32u575eval\board.cmake","747D1BE424D22906172AE058978E80AD4B0F3DBCBA5D2BE2268E1F1AF50DFEBA"
"components\espressif__tinyusb\hw\bsp\stm32u5\boards\stm32u575eval\board.h","39E01B83CFBCAE2345B33206E56670CD3A59CB907A192F5F7B6DAB2625AEE1E7"
"components\espressif__tinyusb\hw\bsp\stm32u5\boards\stm32u575eval\board.mk","0BA053F6BF1B96634E5815433DC76703F3B8B0CE0D25DD74609B1288A678D115"
"components\espressif__tinyusb\hw\bsp\stm32u5\boards\stm32u575nucleo\board.cmake","7F0CBF4035F5FC84255C34F976D53F1A6AA77F309CC0518E55548CFC7B1CD055"
"components\espressif__tinyusb\hw\bsp\stm32u5\boards\stm32u575nucleo\board.h","B29F7BC63BBC4696308E82B801F5BB7A9D987A3FAA72D6BC3C2441DBDF2C2830"
"components\espressif__tinyusb\hw\bsp\stm32u5\boards\stm32u575nucleo\board.mk","B5D11E0C994AEC040A00DD723D1C41BF647CBB5F29CB3A6AD5429884CB375295"
"components\espressif__tinyusb\hw\bsp\stm32u5\boards\stm32u5a5nucleo\board.cmake","51AADD7FE35A2CBB358BBB29400FD33A1C1A664B6C544ADFC32E4ADB00D6546E"
"components\espressif__tinyusb\hw\bsp\stm32u5\boards\stm32u5a5nucleo\board.h","ED24CC7257431F40B3A59C7D30B0BEAA6491CF142CF24FBAEC566C3D0D70894A"
"components\espressif__tinyusb\hw\bsp\stm32u5\boards\stm32u5a5nucleo\board.mk","4824AF1A33F5ECD77355BE426EC654A791CBBAF508EBEBB9818C30678E0DC451"
"components\espressif__tinyusb\hw\bsp\stm32u5\boards\stm32u5a5nucleo\STM32U5A5ZJTXQ_FLASH.ld","0831C13AB2CCDA78A2BCD34C448C9EF101D1F91222C2BB20F3DA55C971FEAC4D"
"components\espressif__tinyusb\hw\bsp\stm32u5\boards\stm32u5a5nucleo\cubemx\stm32u5a5nucleo.ioc","7540EE95123E2CDE47A746D693ED6CFFFC527856E8344FB93CDEEDD87C6F65B3"
"components\espressif__tinyusb\hw\bsp\stm32u5\FreeRTOSConfig\FreeRTOSConfig.h","0D882895383F5688503BEECB96CB3CA4FF2C5A61008372A7E75B98645743B522"
"components\espressif__tinyusb\hw\bsp\stm32u5\linker\STM32U535xx_FLASH.ld","3BA31BADA02DC39E0F80CF8639145C2CD17B031EDAFCEC8B65FCA60037676F80"
"components\espressif__tinyusb\hw\bsp\stm32u5\linker\STM32U545xx_FLASH.ld","884A8F3006C541CEE49D7C5BA2CB9F16432FFD52A1F58919806926F265DDD54C"
"components\espressif__tinyusb\hw\bsp\stm32u5\linker\STM32U575xx_FLASH.ld","CB89B62CBABC263963FEBCA6BB0A50034F3AD35C59AC337F7F5B0A5CBA8143B2"
"components\espressif__tinyusb\hw\bsp\stm32u5\linker\STM32U585xx_FLASH.ld","F97CEB327E0E01EB81A67545F26ACD8991B999B2C6237FB0D676DA6550323CB4"
"components\espressif__tinyusb\hw\bsp\stm32u5\linker\STM32U595xx_FLASH.ld","378D669C9934D4C175CD62F5776FE37FDD0752D8C9CC78553CF6B1EDA45EBE45"
"components\espressif__tinyusb\hw\bsp\stm32u5\linker\STM32U599xx_FLASH.ld","8C265B7E616A9C585EEBD6BFFD7BF094B7DAC872825A7212F2E2D9EC0E6A76DC"
"components\espressif__tinyusb\hw\bsp\stm32u5\linker\STM32U5A9xx_FLASH.ld","0C03B942A0C17240F151C995A41B1F7744CF1F165A6C904138735278A4023711"
"components\espressif__tinyusb\hw\bsp\stm32u5\linker\STM32U5F7xx_FLASH.ld","36AB0524BAA2C86481D634EEF371FF3AA988546E8A4A3F07DBD50A2E2FCB8FA4"
"components\espressif__tinyusb\hw\bsp\stm32u5\linker\STM32U5F9xx_FLASH.ld","55EA07475FFCDB8B971D7BA44E199711753517F48ED4A381D918F0B68F6F1BB5"
"components\espressif__tinyusb\hw\bsp\stm32u5\linker\STM32U5G7xx_FLASH.ld","87C4F95E97421AB1F3F9F3FAD445180AD114C72C941F9344573E4812422C24D8"
"components\espressif__tinyusb\hw\bsp\stm32u5\linker\STM32U5G9xx_FLASH.ld","0C6894264C6A51CA58EB57D4B362D640942235554E4FC8A12A07BA07B4FA43D4"
"components\espressif__tinyusb\hw\bsp\stm32wb\family.c","88DC4EDE09EBDFE588380215D29666AF6059B53FFD117ADC43C65C289C2C100E"
"components\espressif__tinyusb\hw\bsp\stm32wb\family.cmake","165BF6A86A51F97A844F5B10F4E41E9E4E9EA0A45DFE594FD50390203A411FEB"
"components\espressif__tinyusb\hw\bsp\stm32wb\family.mk","F14411018C8FE96B98502DE7791C419991F4487B17B1D84A7921BAD3E261936D"
"components\espressif__tinyusb\hw\bsp\stm32wb\stm32wbxx_hal_conf.h","FE129408E758A0BEB96D021B6E31B9D41C439680D9AA0F6DE8A864723EAB2C35"
"components\espressif__tinyusb\hw\bsp\stm32wb\boards\stm32wb55nucleo\board.cmake","6373BD009B3CDFC2CE65774FDF1F7E9B061A5F8427886D12D704ADE49318B700"
"components\espressif__tinyusb\hw\bsp\stm32wb\boards\stm32wb55nucleo\board.h","634CB381D4C38C5D50048413609B0BD26139FD96B93FE15D6A8C8559F5E4F2E9"
"components\espressif__tinyusb\hw\bsp\stm32wb\boards\stm32wb55nucleo\board.mk","411290150448AAF5DD5F90FC2B7F43C4C35BC7FB5724D2A136B7204446254FB5"
"components\espressif__tinyusb\hw\bsp\stm32wb\boards\stm32wb55nucleo\stm32wb55xx_flash_cm4.ld","54ABE795B7D189E645721EBE4A8C9FB6A7501BD1B4551DEBD480D0DA2D482C08"
"components\espressif__tinyusb\hw\bsp\stm32wb\FreeRTOSConfig\FreeRTOSConfig.h","7757C646FDBB13A290FD4916BC2BEE5D8595942DD53E0BEE7685175A40A8FB58"
"components\espressif__tinyusb\hw\bsp\tm4c\family.c","93275E94B8C91892F09EFADBED53BD77051CAD9336AED25261320A04E84E10F6"
"components\espressif__tinyusb\hw\bsp\tm4c\family.cmake","9A82F69760C87C2A0BAE5C74A97840F18DEB408CBF91BA0BF793EED8FFB0257E"
"components\espressif__tinyusb\hw\bsp\tm4c\family.mk","8276645EA1F3BE1C01DA144A24904AD3338FC76D1768CFBF182EC521546206E7"
"components\espressif__tinyusb\hw\bsp\tm4c\boards\ek_tm4c123gxl\board.cmake","3B2C0EE3019AD1D20B75BAB639D4A37421301274D5B42F17361E2BA52E621372"
"components\espressif__tinyusb\hw\bsp\tm4c\boards\ek_tm4c123gxl\board.h","EE6219BC4D08ED5E8C5178100215A6805BF1824AFD39AFE7678AC2C05C5F6C21"
"components\espressif__tinyusb\hw\bsp\tm4c\boards\ek_tm4c123gxl\board.mk","8C33D93CEB212F325A8C953BC9C1F7360C9AB0CAF9E2DB1619F1189B057655E4"
"components\espressif__tinyusb\hw\bsp\tm4c\boards\ek_tm4c123gxl\ek_tm4c123gxl.ccxml","E992F6EC309B483F3D6BB193A127308CAE2E28A1368185BB3B33EC4F18F4E501"
"components\espressif__tinyusb\hw\bsp\tm4c\boards\ek_tm4c123gxl\tm4c123.ld","EC38DFBAD6C2D2EE109746B74DD489E4237E31B3124EE6BA4D6FE72A0B0AAFED"
"components\espressif__tinyusb\hw\bsp\tm4c\FreeRTOSConfig\FreeRTOSConfig.h","1C185F1BAB27AB9DB520CC321682D63ECE46784CD38F76E1722B1B2E6A4373EC"
"components\espressif__tinyusb\hw\bsp\xmc4000\family.c","575758C2071DE2D35A863956EE15F17D505FAC86E58212E3BBBA62E1179E19EE"
"components\espressif__tinyusb\hw\bsp\xmc4000\family.cmake","F883D158ED7B5828C3973BA26E5A98C4B5A96D007FBCFBFC69A875FE0386C11F"
"components\espressif__tinyusb\hw\bsp\xmc4000\family.mk","666B654AF3D1705F50F13B32994F39D34AD0ED4DEC54DC23D72DB4FCAE918863"
"components\espressif__tinyusb\hw\bsp\xmc4000\boards\xmc4500_relax\board.cmake","70C79FBEB1E9EFBBD4F1FBF2C51A3512C16CEDBD266EF8B661588FD3334B6274"
"components\espressif__tinyusb\hw\bsp\xmc4000\boards\xmc4500_relax\board.h","D197D9437BB28BD8FF71A34BC2A77D4044C126E0B04A964C8E1D4BB8F3984741"
"components\espressif__tinyusb\hw\bsp\xmc4000\boards\xmc4500_relax\board.mk","EDC421C8D923D273D0EDF51FDC2F9C4F2B012726969B166590DE8E2DB0F683A3"
"components\espressif__tinyusb\hw\bsp\xmc4000\boards\xmc4700_relax\board.cmake","7D89A4AC271255E368B97549FD87053BC707718D8765C599448AC372D2D39977"
"components\espressif__tinyusb\hw\bsp\xmc4000\boards\xmc4700_relax\board.h","7F8F027AEA9CA346300C7CA2D0D92F092D2423DAE5B0CCEBAF3AA12C250AB553"
"components\espressif__tinyusb\hw\bsp\xmc4000\boards\xmc4700_relax\board.mk","60D94B338B4320C9B5D8D0F3F702BF2F0699F58BB2171E80A8AD8166CD34EA7A"
"components\espressif__tinyusb\hw\bsp\xmc4000\FreeRTOSConfig\FreeRTOSConfig.h","55094EF0151EC93069ED22A170F6AF48B37294D0766113A58C7510ADC6F79DE8"
"components\espressif__tinyusb\hw\mcu\bridgetek\ft9xx\Readme.md","862477588A9116B4267C9A46D257F9E91AD5AF651E192FCF2051C1E31D3B54DD"
"components\espressif__tinyusb\hw\mcu\bridgetek\ft9xx\scripts\crt0.S","59AFF9F33E0925392DD8885D3C83C981AAF13D80A7336AF12B29FF5183364E04"
"components\espressif__tinyusb\hw\mcu\bridgetek\ft9xx\scripts\ldscript.ld","EADCCE6E2F770787F2DFCAA828B06841927F8833203DCCE6F7EA826B2801DA53"
"components\espressif__tinyusb\hw\mcu\dialog\README.md","33061906666D88D5CAD5A2E11EC0EC558994780CC6084F2B3ED401386CE0F766"
"components\espressif__tinyusb\hw\mcu\dialog\da1469x\da1469x.ld","70652717929CE9A22D47FF7ECF4BC2994F05473653675022F0876BCA7258CB9E"
"components\espressif__tinyusb\hw\mcu\dialog\da1469x\include\hal\hal_gpio.h","DC5A673190DD839C67D993E228E39B1E845C90939553890488A2097780B15A20"
"components\espressif__tinyusb\hw\mcu\dialog\da1469x\include\mcu\da1469x_clock.h","23D843F995F8653750C64413499E19F6C94913602641729595404938FD4489EE"
"components\espressif__tinyusb\hw\mcu\dialog\da1469x\include\mcu\da1469x_hal.h","7BC4C60C9F3DF24DE39B6E3DC9F70CF61A5DE37D13A202D27C4422E175EBC851"
"components\espressif__tinyusb\hw\mcu\dialog\da1469x\include\mcu\mcu.h","2CC28E11AEC945AB824C25BDA0F498D659773CD0CC48D8219F239A0825439E8A"
"components\espressif__tinyusb\hw\mcu\dialog\da1469x\SDK_10.0.8.105\sdk\bsp\arm_license.txt","597D91B9912702F05E93005E948F72843D94447B27AC9E06E02F4DA5FE1850C6"
"components\espressif__tinyusb\hw\mcu\dialog\da1469x\SDK_10.0.8.105\sdk\bsp\include\cmsis_compiler.h","C7B6FBFB39C1CEA623DACB4121C4C1629382FE49327CB419CF85E5EAFFD5D687"
"components\espressif__tinyusb\hw\mcu\dialog\da1469x\SDK_10.0.8.105\sdk\bsp\include\cmsis_gcc.h","F0B2130DB5550CF7A66E2F087D097CAE4967BDBDE2C74BEED0BA41C36E911DC8"
"components\espressif__tinyusb\hw\mcu\dialog\da1469x\SDK_10.0.8.105\sdk\bsp\include\cmsis_version.h","C2570D56EE85D4F2EC0FB62F31D080D3CDDF3A015500A4ED5A006A571637B43C"
"components\espressif__tinyusb\hw\mcu\dialog\da1469x\SDK_10.0.8.105\sdk\bsp\include\core_cm0.h","D8F6EE236254657BB50E9ED9635A7C5DFD64234CCB137CAC7134CBEC0BC828A3"
"components\espressif__tinyusb\hw\mcu\dialog\da1469x\SDK_10.0.8.105\sdk\bsp\include\core_cm33.h","813AD3F06E0E948F4D390C1F30840D9745B65E9BF078C231C2B05334D7ADB414"
"components\espressif__tinyusb\hw\mcu\dialog\da1469x\SDK_10.0.8.105\sdk\bsp\include\DA1469xAB.h","CE194A5E42F16D3129AE0C00002D1646EDBBC1E6C3B2D3D3B086295177C83739"
"components\espressif__tinyusb\hw\mcu\dialog\da1469x\SDK_10.0.8.105\sdk\bsp\include\mpu_armv8.h","464759F5C36F42CB58A586E9F1924F907F6FB0D6C5A475706B6A5E281BCB8FA5"
"components\espressif__tinyusb\hw\mcu\dialog\da1469x\SDK_10.0.8.105\sdk\bsp\include\system_ARMCM0.h","DB02C67C8729240E653F3C1CC84BF71E37EA423FD01F9F8FCFF86C75BD41639F"
"components\espressif__tinyusb\hw\mcu\dialog\da1469x\SDK_10.0.8.105\sdk\bsp\include\system_DA1469x.h","89E128D4E9AD026B848DA87123E7AEDFD521C0BD5CC9B586409E9861C678C646"
"components\espressif__tinyusb\hw\mcu\dialog\da1469x\src\da1469x_clock.c","F3B9D08A737BD1F6C6D3553A7BF7A25C9872CD1057F4C34282144F0B7102118C"
"components\espressif__tinyusb\hw\mcu\dialog\da1469x\src\hal_gpio.c","92138F1F60B770F4B0DFB546381EE8D67E7A0ABDB8244F2F7B4EEB2BA289397F"
"components\espressif__tinyusb\hw\mcu\dialog\da1469x\src\hal_system.c","A475E36D38B351AF58CCD25EB778A834A68C9BC7EFD938FEC26EFBE17AB0E2C9"
"components\espressif__tinyusb\hw\mcu\dialog\da1469x\src\hal_system_start.c","62B0FE5DB97F87B24CBA3E0A966963218FC2EA4526D1B6609CF778EE1016C898"
"components\espressif__tinyusb\hw\mcu\dialog\da1469x\src\system_da1469x.c","01E08F75556D8900BFD56C75515A2F2689CEDB6B4877FF30720A2F70E3EFD460"
"components\espressif__tinyusb\hw\mcu\nordic\nrf5x\s140_nrf52_6.1.1_API\include\ble.h","56FB5F7232348ED81DF7409BFC9FD02D8C3AE83349270BF67F463D6902BBB5BF"
"components\espressif__tinyusb\hw\mcu\nordic\nrf5x\s140_nrf52_6.1.1_API\include\ble_err.h","3A33C272F5F3A952D0985CCAF5DFB6976596A58063EE49D16962FD55E6969892"
"components\espressif__tinyusb\hw\mcu\nordic\nrf5x\s140_nrf52_6.1.1_API\include\ble_gap.h","580007C2B20AB69DE2BFD04C7FB29887416D82BDFD124EED4AD1DB3E35B743A5"
"components\espressif__tinyusb\hw\mcu\nordic\nrf5x\s140_nrf52_6.1.1_API\include\ble_gatt.h","F03494FC8D0C47F9FAB172489DF545FC2C7E821A931005721D2AC682257DEDDC"
"components\espressif__tinyusb\hw\mcu\nordic\nrf5x\s140_nrf52_6.1.1_API\include\ble_gattc.h","AD45ABA9869432F9BBEF7B45BB6ECE28182476C7DEC9E3B3F8ED83970382179C"
"components\espressif__tinyusb\hw\mcu\nordic\nrf5x\s140_nrf52_6.1.1_API\include\ble_gatts.h","309DABAF75E95D46DBF73E694D77CE6C9EDF7EE1FDDA0BC4AC77A75923D6D403"
"components\espressif__tinyusb\hw\mcu\nordic\nrf5x\s140_nrf52_6.1.1_API\include\ble_hci.h","61F96A40C8E064771D47CD530707A7D94FE56CED0C463FC245A3A107DE7D79F6"
"components\espressif__tinyusb\hw\mcu\nordic\nrf5x\s140_nrf52_6.1.1_API\include\ble_l2cap.h","5EC9CED90AAE77116168929591A73100BC86B6119B55AEF0381E3AC11ED5E93A"
"components\espressif__tinyusb\hw\mcu\nordic\nrf5x\s140_nrf52_6.1.1_API\include\ble_ranges.h","85FF720D832563FF372241A494FDBB7A139EC202EE3808715122BF1C2AB81761"
"components\espressif__tinyusb\hw\mcu\nordic\nrf5x\s140_nrf52_6.1.1_API\include\ble_types.h","E6D6AB2BA07A6A1CC1ED7171F74267C0B9C36B016B0D00BA9D9B8557512E9285"
"components\espressif__tinyusb\hw\mcu\nordic\nrf5x\s140_nrf52_6.1.1_API\include\nrf_error.h","E0B2A0AEA6D28CA2F8215A66FB8816AE17852D505283E4D70863A7DC86F88FC5"
"components\espressif__tinyusb\hw\mcu\nordic\nrf5x\s140_nrf52_6.1.1_API\include\nrf_error_sdm.h","06FF592F41B31CA4B9A465355D12BB0783D21EFA328198169F1C0CC7992C459F"
"components\espressif__tinyusb\hw\mcu\nordic\nrf5x\s140_nrf52_6.1.1_API\include\nrf_error_soc.h","809DF4E68F850F420A57C5E30B99FE93B58C69845A8CEFDD58F14A75D9654598"
"components\espressif__tinyusb\hw\mcu\nordic\nrf5x\s140_nrf52_6.1.1_API\include\nrf_nvic.h","4505DF359460DC12DF197AB00CB523C0EB3214F379E1A0C24AE3BDC2070EA210"
"components\espressif__tinyusb\hw\mcu\nordic\nrf5x\s140_nrf52_6.1.1_API\include\nrf_sdm.h","D422FDAE7719177B9311BD10A33252E9338F2A60803A0712867F24CEFE6895FE"
"components\espressif__tinyusb\hw\mcu\nordic\nrf5x\s140_nrf52_6.1.1_API\include\nrf_soc.h","32F1E3BCD646CA960F4A9CB2E393F4BC8E13D77AA1530E15DE78561678D4A3FC"
"components\espressif__tinyusb\hw\mcu\nordic\nrf5x\s140_nrf52_6.1.1_API\include\nrf_svc.h","C8C9D41951A05AD7C87694BCD9659CDD15366DBD2FC199372362DBFBCA485FFD"
"components\espressif__tinyusb\hw\mcu\nordic\nrf5x\s140_nrf52_6.1.1_API\include\nrf52\nrf_mbr.h","79AF845FCAF5725C39852FFEE67E075392598C2CCB944A1B47D5586C6E29DE4C"
"components\espressif__tinyusb\hw\mcu\sony\cxd56\mkspk\.gitignore","8D6354ACBC582E69113718326526E449D1669B0FA911936285AF1081C70B8C4C"
"components\espressif__tinyusb\hw\mcu\sony\cxd56\mkspk\clefia.c","5569FC76D2C956AE3A2A6AD4801C6953744ED0070AB9D5F6AAAC1EA62E03EAB0"
"components\espressif__tinyusb\hw\mcu\sony\cxd56\mkspk\clefia.h","0845159A11E25D021444428B82E5B4EB1E2D10D2BFFD51A42904D5DDE3FA1D48"
"components\espressif__tinyusb\hw\mcu\sony\cxd56\mkspk\elf32.h","F59C571CE7D705BD8E8B4ACAE1A2E4E367F2CE8D0BE232EB3E38E1CB7E1FBC3B"
"components\espressif__tinyusb\hw\mcu\sony\cxd56\mkspk\Makefile","70447906C118673FD5EF531F5D6A3BF95BF1AF3291E45465F193A616415FC1D2"
"components\espressif__tinyusb\hw\mcu\sony\cxd56\mkspk\mkspk.c","83FD7FB124D261745F759C74B4CDB9C60D5EF66F93727EF2E38BB9A51A1B1499"
"components\espressif__tinyusb\hw\mcu\sony\cxd56\mkspk\mkspk.h","A49B7AC4745C266C3BAD9AC57146A83D21B2CE24120FE72FBB6E230CFA46C043"
"components\espressif__tinyusb\hw\mcu\sony\cxd56\tools\flash_writer.py","1B78B82B19A7B35DAD7E78199F764ED01138909CB9479A5FE46324F9CF29D940"
"components\espressif__tinyusb\hw\mcu\sony\cxd56\tools\xmodem.py","3893BE9E451B275AF8A6622CCC719A1AE37F2165EEC309488CAC064F3F56AE80"
"components\espressif__tinyusb\lib\networking\dhserver.c","895C6C93C93914348286E3D6DC0DC0157F3186195DDAF9AA93BA829E114F5BE1"
"components\espressif__tinyusb\lib\networking\dhserver.h","AE65559BD8AD13BF4809CC7991213CD3E4ABBF651E92E444EB2F8051E9F451C4"
"components\espressif__tinyusb\lib\networking\dnserver.c","DA5AC58465E038E510233699CAD6B7D4AAD75C2799EBB70CF023407D8C1102CC"
"components\espressif__tinyusb\lib\networking\dnserver.h","E32EECFB8C29D1220CCFC04AD83D1E9C9DBB51EA9254E418DF80CE1C822E2CA6"
"components\espressif__tinyusb\lib\networking\ndis.h","13CEC2D64DD04E026FFE9763FC4445422586B7646903C9E99103D962DE8879A7"
"components\espressif__tinyusb\lib\networking\rndis_protocol.h","498E1F5E85836CB54E7A9165A04A387378B4AF54D8054D8CE40F548EFF61F01B"
"components\espressif__tinyusb\lib\networking\rndis_reports.c","B3B140BED4F263DE9D1FFFF56FDAA320AE7AAA85EAA18A09D04E1205E32012DC"
"components\espressif__tinyusb\lib\rt-thread\SConscript","9EC97A22F96C6FBBBD24070DC900CED95A6E4C8528A8FD3F953BD1C090771DF8"
"components\espressif__tinyusb\lib\rt-thread\tusb_config.h","CA1BBBDCFCEC6135139E7F34A4DDF6935AF0D2F5BD3CE6FFBF0D1B885E25C7BA"
"components\espressif__tinyusb\lib\rt-thread\tusb_rt_thread_port.c","7E27DA68F91A167B0A4A7EB285249FD182B8590B8B5DDE506DA9E6B60A6EB645"
"components\espressif__tinyusb\lib\rt-thread\port\msc_device_port.c","D8034DD3BE6DF7FB612F9A331DCE16FEB25E89B7EF885EC13F3A4E783FAD146E"
"components\espressif__tinyusb\src\CMakeLists.txt","DE8005468E1671D5A58EF321A2A5991341723E5D1D4089F50D60A5561F67A87A"
"components\espressif__tinyusb\src\tinyusb.mk","09C45800000B3AE21C2A3834520BD42EEDCFC97BA266D61F944021AFD26ABED9"
"components\espressif__tinyusb\src\tusb.c","98B2C356AF26136A992586446305518A87B707A83CB121D1DA3EFC4BC9293A26"
"components\espressif__tinyusb\src\tusb.h","F65626096234854AECD7120239058C681748DEC4613765D410AEC99FCC5926C8"
"components\espressif__tinyusb\src\tusb_option.h","25557FC8407FD5844B67B2CD81A99529E4358940B94C00CA9490B70A69DF4F77"
"components\espressif__tinyusb\src\class\audio\audio.h","95EA94FF5A3D9AB70D99BBF4B056D0E66CAFF02E62930B0CE590F83CC26430DF"
"components\espressif__tinyusb\src\class\audio\audio_device.c","A60FD989258C22616512CA9C88D3F69610F96230760787F3F07EED02CFA8123F"
"components\espressif__tinyusb\src\class\audio\audio_device.h","2FEE19A03634CB9B29E9F761EDF5FC1270DCD0D6FC73818D5AC4A3B82E9643C8"
"components\espressif__tinyusb\src\class\bth\bth_device.c","C931144EE23585497021D66B79AB46E9D35AE2CCA427B2CEF6445D287FA2B158"
"components\espressif__tinyusb\src\class\bth\bth_device.h","5D0643B7CC59ECAA7C8C25FAF25D3A446952AE6DCCFD733A26DB4140B4C3F0F2"
"components\espressif__tinyusb\src\class\cdc\cdc.h","FDA9B7EF8EC0EB2CD83D59E366A928253968B823BB14B09BEFB6B82019353CDF"
"components\espressif__tinyusb\src\class\cdc\cdc_device.c","4560CCDB2869A5D2DFDFBAEBD50479518DD802BEB56A9DA188980C6796BB04F5"
"components\espressif__tinyusb\src\class\cdc\cdc_device.h","6CE3C03452EDBDDF75FB3FFEFF4511E86EFECC8B0651E4C583717DE0566C52A6"
"components\espressif__tinyusb\src\class\cdc\cdc_host.c","AA415A063B3B4F2AFBFF482AAF18F5F4547A08CD3AC396E9DDC42DA3F9D17609"
"components\espressif__tinyusb\src\class\cdc\cdc_host.h","C0694872A52DC5E0EDC18695473E74C9BF13E4CA85F8C84D520BB2420620C3FD"
"components\espressif__tinyusb\src\class\cdc\cdc_rndis.h","F5FD31EE42C17B71F7459B730BDE4488207BA863954318E29761538A1316E7D6"
"components\espressif__tinyusb\src\class\cdc\cdc_rndis_host.c","695F7FFD209B05127655C99DBD5B42410953DC28F64336F1611487E0DA7BF84E"
"components\espressif__tinyusb\src\class\cdc\cdc_rndis_host.h","62C8C6122CE6165640300FF0CC38FD4F3D61D18CB4C4725F4276FFE42C220CE1"
"components\espressif__tinyusb\src\class\cdc\serial\ch34x.h","8D73509DC768ADBDCB2A391D316184348738E97C35D1E4FEF87FEA55179D61AA"
"components\espressif__tinyusb\src\class\cdc\serial\cp210x.h","7FD5105911A42E48E79C80FA6587C918394E9DDBDA1291E508B43E2D6BD152A8"
"components\espressif__tinyusb\src\class\cdc\serial\ftdi_sio.h","FBA3CFACBCDB22DBE8A6F6E7B3F3B3CFB5BAC8762BF1951E8BA2D2815FC05B2A"
"components\espressif__tinyusb\src\class\dfu\dfu.h","1F09A60BBDB856C7A2357E3AAD0FED0A620FEC07996991659A5885F28726650C"
"components\espressif__tinyusb\src\class\dfu\dfu_device.c","7012FF91A34697BB62F6E1FFC43D92112D69FFAFB5E86DD49978B6F40D27C0A4"
"components\espressif__tinyusb\src\class\dfu\dfu_device.h","A08642176C992F072B2375B4E89CF84932E9ECE47667F41F1DB2DEEDC460A421"
"components\espressif__tinyusb\src\class\dfu\dfu_rt_device.c","4F46EC6D3AE5C0BB596A40DECF2079C384CDB60A2B252EB85256B8313FE8C763"
"components\espressif__tinyusb\src\class\dfu\dfu_rt_device.h","B7B9C3B5440E8C30525982C3C3347F572484564AD7D449C4F5C2EB05FCE08E1A"
"components\espressif__tinyusb\src\class\hid\hid.h","3B73169A278B793381E2ECE8D74D269F66BB5F484755D4ECBE75FF087F3866B8"
"components\espressif__tinyusb\src\class\hid\hid_device.c","F5A6F34579F09388A26D52BC4AFBCA341047AD8FB9C7B1CDC04BE7C43D36B9E4"
"components\espressif__tinyusb\src\class\hid\hid_device.h","E1F44FEF1A69A35FB7F6BB1F24C363FFCC88F83BFA1DDFC7E4DCE7706CDF9D5F"
"components\espressif__tinyusb\src\class\hid\hid_host.c","56831224EB2AC545C8936AC44A3CCE8A28F1A5FA40D59EE2DBCBBE5782D75523"
"components\espressif__tinyusb\src\class\hid\hid_host.h","CBFC3F56BB0E07D3F9DDA7C93BE3F9A3728D1362A193FBC08ACE5785B59E0718"
"components\espressif__tinyusb\src\class\midi\midi.h","F56487C4134919AF0DBAF0A2DE8D4859FF045C319426E23C9BDCD683AC452086"
"components\espressif__tinyusb\src\class\midi\midi_device.c","9BFB3232D3456816F2BE71D56CE6F15525865317D3600CA2052BAABBFE0A7836"
"components\espressif__tinyusb\src\class\midi\midi_device.h","64D66881F72A7C8133642F5FF0CD30EAA372659892337F63E55EEC03579831DD"
"components\espressif__tinyusb\src\class\msc\msc.h","CC87180BEF16069CCA344F4F4D5D15B67474B230CFB624B24F1B351F59270865"
"components\espressif__tinyusb\src\class\msc\msc_device.c","838D8025F85223437C7852D7F287AED4C21DA2F1A2C8EF09C275F9822F08A484"
"components\espressif__tinyusb\src\class\msc\msc_device.h","E8F0AC952DDC85196B9017BCAAD7D66A96BF13501B86C6C7FDE5F6692FAE3778"
"components\espressif__tinyusb\src\class\msc\msc_host.c","61A6A517FDE72AE17DBB4737A52BF36FA569F2BF83E9EFCE53173CB04F83A001"
"components\espressif__tinyusb\src\class\msc\msc_host.h","4139912551D79E86D1DF6F8967864B2A7850BA25A1FC8C8109B488B1A15C165C"
"components\espressif__tinyusb\src\class\net\ecm_rndis_device.c","46F126A4A5148B1B8E3EF501283920560F5D6F680E3355519F1C04DD21FB8E70"
"components\espressif__tinyusb\src\class\net\ncm.h","B0E85BA486E82CDE7E34101913FA41BAD9B60C723EBF2AF37D3BE503F34C273B"
"components\espressif__tinyusb\src\class\net\ncm_device.c","6A99F57FF12A7C947E3F2DAA003CFD328B1757E39A0097EB148C31F71F5D7A29"
"components\espressif__tinyusb\src\class\net\net_device.h","027F431DE71FD2D15D742161483AF6BA65EA0A318FA517FF48D52DCBDA01C78F"
"components\espressif__tinyusb\src\class\usbtmc\usbtmc.h","663D95905446E241D515D47F53ABBC6093C639ED648200644A8D58CECABEF078"
"components\espressif__tinyusb\src\class\usbtmc\usbtmc_device.c","428C9369A85C3B27BAAC9D626DE06730ADCC2B78BD172E49D5D55081A0E8AF0B"
"components\espressif__tinyusb\src\class\usbtmc\usbtmc_device.h","9EBAE329DAE1F56B7162C00466A1ED7CDA600727CEE3912101754FCFF53AA1D8"
"components\espressif__tinyusb\src\class\vendor\vendor_device.c","85B0116A638CEFF4CD2255B9BEB820B2FEA663EF9E1AB8629FB60FF0867D15A7"
"components\espressif__tinyusb\src\class\vendor\vendor_device.h","FDC0F1C6D3E04161ECC2674A1635D8657747B1641FDBE5B1DBE1E2800C8ACA24"
"components\espressif__tinyusb\src\class\vendor\vendor_host.c","9C4FF817B4CCFE6A014F45AC5EFB67A19F5A6577172611716C35A98A9EF38F7B"
"components\espressif__tinyusb\src\class\vendor\vendor_host.h","5FE5B0403915626B1BBAE4F4DDC385C72083FB33BDE4DC8AF2C457C9A2B86AEC"
"components\espressif__tinyusb\src\class\video\video.h","C6EFFC92ABD56B7B436A156A400DB6D64BF8D095AA54B4049A7D4F52C3ADD39C"
"components\espressif__tinyusb\src\class\video\video_device.c","EA031E21C61EB8361A35B0C6BF3CDA77A470B6E177A354C7CB0A1CCB0DBDF8DE"
"components\espressif__tinyusb\src\class\video\video_device.h","9EC889683FD3D31E13850CBC614B69F8C6657C9FE78F55F4A9E80B5FF8B7D641"
"components\espressif__tinyusb\src\common\tusb_common.h","C0C7B28252306237E743F47CF93B993D1D6748BBF5C0DDDC4A15CA5BEB670380"
"components\espressif__tinyusb\src\common\tusb_compiler.h","67C0D328DA1FCE878E8424345927608F72BD229C75CAB004EF870B8337835DFD"
"components\espressif__tinyusb\src\common\tusb_debug.h","8B7524672BFD66D0074DDEBF7580C6C38D1FCC66AAB35F7839F55F80DE1B0B6F"
"components\espressif__tinyusb\src\common\tusb_fifo.c","15BC124F43163E9F3EDB9D581AB62AF05A9B4342522F0712E6B9F4CA694227F5"
"components\espressif__tinyusb\src\common\tusb_fifo.h","B2FFB668FB6F0DEE1BB42684A340B99604440BB9D2AE7DF22BECF7F53467C4D9"
"components\espressif__tinyusb\src\common\tusb_mcu.h","16436EB8A980D8695A03CDDAED144C90939F07B824A0778E1E7090D42C310A96"
"components\espressif__tinyusb\src\common\tusb_private.h","CC4506FCC3DFBC7434E7AC480ABEC7B45ADB42EE08C411837A791F6E5A955D12"
"components\espressif__tinyusb\src\common\tusb_types.h","E1BCF0B177D2AB350432E71B63948690FCDE0B2A903AC9919BD421C40441BB4D"
"components\espressif__tinyusb\src\common\tusb_verify.h","CE951C9250ED0183FA7E5814F5AD13AF865D28B8DA5BF32EFDFFC82728252768"
"components\espressif__tinyusb\src\device\dcd.h","6C1E262648C70347CE37BF086AC48FC428560464162217B808065DDAEC5104A1"
"components\espressif__tinyusb\src\device\usbd.c","F15A6DA11ECA127B792BD04D3270E6EA3901B0A29C24F462D5687D63DA1DF6CB"
"components\espressif__tinyusb\src\device\usbd.h","BA2B0A19932A9EF3373E343D79A0188B78702500050B265A8B13E770C117784F"
"components\espressif__tinyusb\src\device\usbd_control.c","F22F7A5B833670E2736DBDBFFC00D7CD081B934D54E191AAFD25375EE2427EE3"
"components\espressif__tinyusb\src\device\usbd_pvt.h","B64096863CA06F8E10B85E1B4A185485482B3A4E05A898ACF77CF5815E7E25EC"
"components\espressif__tinyusb\src\host\hcd.h","394E05DD757DA23A16FE28A7FB27424F55170389F23D8880DF7A65A75D847DA3"
"components\espressif__tinyusb\src\host\hub.c","8C0FFB78D8906C42E0B875E707ADE041D36D31B73F5F41CB46A545D01F34E846"
"components\espressif__tinyusb\src\host\hub.h","36D88696A694989B87A5CD8817F947D72BFDA4D70D914A17E2A871B1B5AAEF6E"
"components\espressif__tinyusb\src\host\usbh.c","EEB692225F34E3EA9FBD195E0B4B80A5FB5F1D36B092A42A78D6B88A37574EC0"
"components\espressif__tinyusb\src\host\usbh.h","4A4F7C3ECF2C5C63519AB05654591A2337E1C62303CA1F0E40A42478338A983A"
"components\espressif__tinyusb\src\host\usbh_pvt.h","EACDF0CC2A98D8BC18FADCE1195C03C43C47623CA47B4D3E79149A726146249E"
"components\espressif__tinyusb\src\osal\osal.h","A8C4430E85FA638AD03100D21702EC15D854FBB9BBF342C151500E4B1BBC4AF2"
"components\espressif__tinyusb\src\osal\osal_freertos.h","BD16AED90D5D1C0D4C8AA4C05ED240FDD042CA26D6F20D3D0911B3FD18B79AE4"
"components\espressif__tinyusb\src\osal\osal_mynewt.h","6374E76435FFCFD502C0F94FBEE5AB33A67608A184C166A7DC2158C7D99BB183"
"components\espressif__tinyusb\src\osal\osal_none.h","565131DB716FF4E713F151A7C5DDCD7F760C89EEDAE4DB3B7ACC327602720941"
"components\espressif__tinyusb\src\osal\osal_pico.h","262DEA97B2E5F20A7F30E08AAD0D91AA4C3CFC3DF77B6D36417E2B276DB9A8FD"
"components\espressif__tinyusb\src\osal\osal_rtthread.h","7488F7B82DA072C98E717C61EC15ED0E866A3A1A67FB97C6EF7A37A11BFD37E1"
"components\espressif__tinyusb\src\osal\osal_rtx4.h","D81936C6A210D6B43BA6B1D4295AB7619C483624FE8B17023F6FA262263D2FF0"
"components\espressif__tinyusb\src\portable\analog\max3421\hcd_max3421.c","CC50FB2D9BACD67CE2D96F0AD141B24890A49E064A862ECE0A049C9B13304A88"
"components\espressif__tinyusb\src\portable\bridgetek\ft9xx\dcd_ft9xx.c","6D37CB7104A82A992318C9FEEEE92FA61B12CB2728F3476299EEC62467C444E2"
"components\espressif__tinyusb\src\portable\chipidea\ci_fs\ci_fs_kinetis.h","4C8C7B292B9C63F9407405686988FEEBFE4109483BE1E5DE5A918E2502C685F3"
"components\espressif__tinyusb\src\portable\chipidea\ci_fs\ci_fs_mcx.h","14110AB88B9A6A9666EDF9F53FBD64AE4745020A5EA24F68735FF21F53EA3712"
"components\espressif__tinyusb\src\portable\chipidea\ci_fs\ci_fs_type.h","F91C9B56FFB54EA8C7FCC01A96930E988C7ABDDB029DA9BF3E52F4267025D2D4"
"components\espressif__tinyusb\src\portable\chipidea\ci_fs\dcd_ci_fs.c","934F048A84AFEF0304FFB8C1276384E2F44CE52B729740880D2D7B03ECE3098A"
"components\espressif__tinyusb\src\portable\chipidea\ci_hs\ci_hs_imxrt.h","4D4CDB5A0F618F6C9E41E33C9F7BFFEEE648A0CB08A9C0DB4B6DF0A12C7D27B2"
"components\espressif__tinyusb\src\portable\chipidea\ci_hs\ci_hs_lpc18_43.h","471B458B1E63BE47D61662EC457AA64D27A88DCB21FEBF13509CB357EE9F42F0"
"components\espressif__tinyusb\src\portable\chipidea\ci_hs\ci_hs_mcx.h","8CCD45A7DBFBB1CE2D73648BEAE0DE8B7A0511C555495E4187471CC42A26BEA1"
"components\espressif__tinyusb\src\portable\chipidea\ci_hs\ci_hs_type.h","390A264B7A0FEF8499FCE2B2AC9F0AC73C357B99E057D06F65AFDC6FB0F804FC"
"components\espressif__tinyusb\src\portable\chipidea\ci_hs\dcd_ci_hs.c","510A9A9F8A2A9EA051442E8AF0A9FC6DC0ADCB148F5A9BD1793C61CE9C47875B"
"components\espressif__tinyusb\src\portable\chipidea\ci_hs\hcd_ci_hs.c","53A34410A1CF6BA54AE6F7AB8FFBCB8102CC58A1005A23263BFF681C51ED70E5"
"components\espressif__tinyusb\src\portable\dialog\da146xx\dcd_da146xx.c","AF76B83AB034C910336F97B8A6E6572095BA3D07F66B2C7124471F071FB3E9F9"
"components\espressif__tinyusb\src\portable\ehci\ehci.c","5181306C3A5D47D8186508AECA4AF2CBF277CB9DFDB3584281CD502E276DD86D"
"components\espressif__tinyusb\src\portable\ehci\ehci.h","152723156A26EE2CA603AAC19283E2B9B1E1CFF109C9B38E2488577C388DD33D"
"components\espressif__tinyusb\src\portable\ehci\ehci_api.h","B442D236A1E49D5C5512BE55B3D648434B289D305EE835FBEE25D551E84E3C5F"
"components\espressif__tinyusb\src\portable\espressif\esp32sx\dcd_esp32sx.c","A5551D94BEBCB2A29A304C1F484D2B380D97C7256743AEE4BB9931E727C76670"
"components\espressif__tinyusb\src\portable\mentor\musb\dcd_musb.c","989F00A4AC93FC3353CB72C3C4BC8E90D0FCCAA173C0DDA05BD6F21C86EC2B4A"
"components\espressif__tinyusb\src\portable\mentor\musb\hcd_musb.c","2A4EDBA1C82D90F27159288D6CD4012F0BE8B31CE9488CE9BB76DFB4AC648BDE"
"components\espressif__tinyusb\src\portable\mentor\musb\musb_max32.h","B01D65AA8459F9D7533CCD6F1E63E43799264A0D521272680B94022D338E71AA"
"components\espressif__tinyusb\src\portable\mentor\musb\musb_ti.h","39BA7440F145D1650C2FAC7A5E5EC3F99B2E3861A969410AA1C31998FC9B4178"
"components\espressif__tinyusb\src\portable\mentor\musb\musb_type.h","229DBE5573EAD7637A95B23ED2A9E8C17F208D2271A57048FF2CDCB10BA3797F"
"components\espressif__tinyusb\src\portable\microchip\pic\dcd_pic.c","A05EEF676B80040D0598988CBEC858322A696FCB8C3D2CCFE642B61FFCDF57EF"
"components\espressif__tinyusb\src\portable\microchip\pic32mz\dcd_pic32mz.c","3C79A24AFE6DD2072598F08A61F63FF6709EF2EF2545EC069D4CE7403486044F"
"components\espressif__tinyusb\src\portable\microchip\pic32mz\usbhs_registers.h","5CBCB70874F287878F5A7AD6A1C274EAF5A1BF41F28940852496650D6D321E3A"
"components\espressif__tinyusb\src\portable\microchip\samd\dcd_samd.c","7E4AB19F5A01842BC84B6A1798BCD29AD3B2D06579063A228C60032E24625D89"
"components\espressif__tinyusb\src\portable\microchip\samg\dcd_samg.c","EE5E00497F659F9D2FF56EC1164235A3606E0EF8A4A4B0FD065D0A93041DE9BE"
"components\espressif__tinyusb\src\portable\microchip\samx7x\common_usb_regs.h","BEF4D0F1C4319E4B9630040D28EF5EDBC86CBA03000AE659F0361A47FEE52F48"
"components\espressif__tinyusb\src\portable\microchip\samx7x\dcd_samx7x.c","9CEA796D92D063E00CB2505D17F975FC8FA41F672B7667547CB9DA6F106F48DA"
"components\espressif__tinyusb\src\portable\mindmotion\mm32\dcd_mm32f327x_otg.c","1F4E965E53386D4223BA12A0980752F9386C788D4C909B398519F86BBFE2FAC5"
"components\espressif__tinyusb\src\portable\nordic\nrf5x\dcd_nrf5x.c","399C74988F1358750EB323CD296248910B89A4DD044DAD4B8F87A252D243791F"
"components\espressif__tinyusb\src\portable\nuvoton\nuc120\dcd_nuc120.c","7B0EE69E9230EEAA87A9BF8FBB753BB670BBE785762DE0839003C2C79D18078F"
"components\espressif__tinyusb\src\portable\nuvoton\nuc121\dcd_nuc121.c","F8C8411DF6036762C28B1D739EBC0437587A38E0528043AC87DB0513D39D2485"
"components\espressif__tinyusb\src\portable\nuvoton\nuc505\dcd_nuc505.c","72C81850A984989AEB4504B05836F961B4235C594F04606353F85781421B43DB"
"components\espressif__tinyusb\src\portable\nxp\khci\dcd_khci.c","31259E0902E3AB7A8306EE71B8B6F334CF78C5F4A5CC121559B2A238C0BC9459"
"components\espressif__tinyusb\src\portable\nxp\khci\hcd_khci.c","64B672A1FEC938F447EF77802D8DCFAEB8DF015DC4DC33A5EBD32A2DE21A6662"
"components\espressif__tinyusb\src\portable\nxp\lpc17_40\dcd_lpc17_40.c","4335417A0409C98E1BF364A5E2C4FF7CECAEEF22F95EA853F1119AE39FB3C84A"
"components\espressif__tinyusb\src\portable\nxp\lpc17_40\dcd_lpc17_40.h","650ECB5E463879FD33A997840291603996D14D9E687D7400502421FC0115C469"
"components\espressif__tinyusb\src\portable\nxp\lpc17_40\hcd_lpc17_40.c","8016B62FA2BCF4122972E484C7AB618EE68611FFF3910A8D567E6FA465F08DF7"
"components\espressif__tinyusb\src\portable\nxp\lpc_ip3511\dcd_lpc_ip3511.c","92346D4DD9D6D167E53BBCD4E600514E3D8CA7F31D39498915B847095351183A"
"components\espressif__tinyusb\src\portable\ohci\ohci.c","9FA899F522CB536483E45F1EBD4ACA15066E3546F6BD187CD0720E3FB91CC2A8"
"components\espressif__tinyusb\src\portable\ohci\ohci.h","1765A8C6247FDB301E38CFDA91C827161F72C4C5D965F1915EA7A040E7133042"
"components\espressif__tinyusb\src\portable\raspberrypi\pio_usb\dcd_pio_usb.c","EDE3083866895997D078BF3AE95E757634D0687A92885981FA2D7F584909B6B7"
"components\espressif__tinyusb\src\portable\raspberrypi\pio_usb\hcd_pio_usb.c","310269B29D200BAE9B2EADF4BA93A1F76D41E2A9181FE743625CA85137EC4508"
"components\espressif__tinyusb\src\portable\raspberrypi\rp2040\dcd_rp2040.c","05910ABE0B71C9C16894C797E4808FFC684CA17FC070524B83555F8449B720D0"
"components\espressif__tinyusb\src\portable\raspberrypi\rp2040\hcd_rp2040.c","635B3573F6DE2B3FD2D44076A2CDE404F0BD157DE3B4D12180038218837A25B0"
"components\espressif__tinyusb\src\portable\raspberrypi\rp2040\rp2040_usb.c","99D3C85CFACFF165DD952D192023416E6F763658D7C52D75FB8B77243E673C3B"
"components\espressif__tinyusb\src\portable\raspberrypi\rp2040\rp2040_usb.h","AD7CBC741C43207B79D1747B276CC0E178E4B5898B188E6CD9372E3BA4F5363E"
"components\espressif__tinyusb\src\portable\renesas\rusb2\dcd_rusb2.c","4D59524D0B1BC2B72759398F573BB511FAA8CA6F7CF5DAEEC0E27F2A3D4E3561"
"components\espressif__tinyusb\src\portable\renesas\rusb2\hcd_rusb2.c","0039244E39C1549AEA3ABD4AF5812FDF507EFA8F98184CE78520203E46ECA546"
"components\espressif__tinyusb\src\portable\renesas\rusb2\rusb2_common.c","41321256404644FE1CCE2A3351B8E3DD0DC36ADFA15CCF824916AF0F8674DAE0"
"components\espressif__tinyusb\src\portable\renesas\rusb2\rusb2_ra.h","FB0BD142BCA9B9CF5EC2A596F4ACA9E6B6D9A7A3139A6A5164B99A46C476BC3C"
"components\espressif__tinyusb\src\portable\renesas\rusb2\rusb2_rx.h","613B58A62BC40BA82A292B05937457BEF32602E76200C477EFD7E933F727580E"
"components\espressif__tinyusb\src\portable\renesas\rusb2\rusb2_type.h","633D4F4DAD470F4D284B767F30D7C91C0D8115A039739171E2C108C43542A05F"
"components\espressif__tinyusb\src\portable\sony\cxd56\dcd_cxd56.c","D86AE4DC6F1F6B650F265F88166448D732925793EBD2CD03F05B5658696BDB92"
"components\espressif__tinyusb\src\portable\st\stm32_fsdev\dcd_stm32_fsdev.c","ACBEB320D70404DE36C8664EE69C9E04ABCBC6941EB3DB150E40DADDFCCF534E"
"components\espressif__tinyusb\src\portable\st\stm32_fsdev\fsdev_ch32.h","90B507B1F83F50AA67C5A17C00FF2A768228CBD6647F52AF1B664C1A83F24E9E"
"components\espressif__tinyusb\src\portable\st\stm32_fsdev\fsdev_stm32.h","A59F7CB2DBC418B42F775DE4BE3C2E1F3C19708EE5399596138389DA8A141F16"
"components\espressif__tinyusb\src\portable\st\stm32_fsdev\fsdev_type.h","5D35751C122D2F0C5DBB7EA787D3F36F6D93CA1DE0F127D0C88E7A6B6E4F1AB1"
"components\espressif__tinyusb\src\portable\st\typec\typec_stm32.c","E47B7BE01165432CC934D2444381FBE5791FCE03232CA00897C662B7711AE7E7"
"components\espressif__tinyusb\src\portable\sunxi\dcd_sunxi_musb.c","0B7725A4A7F753D3DC2584D7F26722948FF2060032B1FD55B26F1201F44B3A1D"
"components\espressif__tinyusb\src\portable\sunxi\musb_def.h","5B9614BA59CB435788E560637283B7D04D9E4686FA26285D474E3D5FA75A74E9"
"components\espressif__tinyusb\src\portable\synopsys\dwc2\dcd_dwc2.c","4710D8755AD6A9C373A033070F45F58643DCD44A3B8BCE5C43A5E0E6A531656E"
"components\espressif__tinyusb\src\portable\synopsys\dwc2\dwc2_bcm.h","316C35B45EA2DB73FEBB388A57B412ABB45AF9B1A67D895E176C60A1FF862347"
"components\espressif__tinyusb\src\portable\synopsys\dwc2\dwc2_common.c","21A004ED85B54A87C6AEC2874C7D678F8D95E1402927342213E2ACBD49895392"
"components\espressif__tinyusb\src\portable\synopsys\dwc2\dwc2_common.h","7E4FA06726C5BB8217B5E517AEE3709AEC729966CE15C609C4BE0FEFF9644DA9"
"components\espressif__tinyusb\src\portable\synopsys\dwc2\dwc2_efm32.h","47761CF637EDAE8EF22F6F896DF84EE6F5CC0B8DB952BEB441A7B0EE06E4E49F"
"components\espressif__tinyusb\src\portable\synopsys\dwc2\dwc2_esp32.h","3F8077A91A1F6818B9E60A5CE79BBC8F58714101A3CB46459E6F9F9EB3B4EA4B"
"components\espressif__tinyusb\src\portable\synopsys\dwc2\dwc2_gd32.h","00FAA8AFF582273F754E5E5C29C227A42A45776C4B75DE19CCF6FAA818C2F9D8"
"components\espressif__tinyusb\src\portable\synopsys\dwc2\dwc2_info.md","F92659A9CAEBAC323AAF235D6AF0DA4DFEB13E6E717B2C2CD5CCEE060A92E3FE"
"components\espressif__tinyusb\src\portable\synopsys\dwc2\dwc2_info.py","05574180B533D5CB0C8A21B4F7297D3E64FB87FA03E506A6C735CA8DF6A85BCE"
"components\espressif__tinyusb\src\portable\synopsys\dwc2\dwc2_stm32.h","AF3A64E33BCCB21FD400F45DE18ED5F7992968A98AF00C81DCE689B223186923"
"components\espressif__tinyusb\src\portable\synopsys\dwc2\dwc2_type.h","EDE7289584D4A0A560BE729C3B63D2B4D6845DE2F2CE18DB9F2B517EDC31CED5"
"components\espressif__tinyusb\src\portable\synopsys\dwc2\dwc2_xmc.h","7F567545CCFEB8C6B12C9690387FE4DEF7E5B69F16DE8837DFA30B460E76EB2F"
"components\espressif__tinyusb\src\portable\synopsys\dwc2\hcd_dwc2.c","D77E72F91DC95A1B03227ED40006C64C20A096D002EB20756F1B9F16ED8BCD55"
"components\espressif__tinyusb\src\portable\template\dcd_template.c","747C373ACAFD41C4C324914DEDEC80C0006AF5BB2069B07D9C503ABE6A0FDEBC"
"components\espressif__tinyusb\src\portable\template\hcd_template.c","E695CFB5597EDF2C19CD1B85D352E4DF33D9283689067DBB700EDC2847D7048D"
"components\espressif__tinyusb\src\portable\ti\msp430x5xx\dcd_msp430x5xx.c","7AF7F872C9F45F9BA04BF025D9EC02A87F0A0A6197CDFABBE180052AD8E80179"
"components\espressif__tinyusb\src\portable\valentyusb\eptri\dcd_eptri.c","29574B4B94094BD73ACD9F25CAF6620F4601F97772039304FD6AABEB97DCCF71"
"components\espressif__tinyusb\src\portable\valentyusb\eptri\dcd_eptri.h","7210F3C578CCB5BDB583238AD4F68A2FF88D497818224F112D7B5939D0C87ECC"
"components\espressif__tinyusb\src\portable\wch\ch32_usbfs_reg.h","25147F8754F82570F8817CA3AA65424B2BA9422DC6646FF8648528C8C0943A4C"
"components\espressif__tinyusb\src\portable\wch\ch32_usbhs_reg.h","31DF490ACA59283BBA56B41A62D4ED32E674D7E596BB6E30B81DC66CE9C09695"
"components\espressif__tinyusb\src\portable\wch\dcd_ch32_usbfs.c","E02D4227CB7DAD72850A00280FBEEF6245B466D170743F5A94E84D1C5219A590"
"components\espressif__tinyusb\src\portable\wch\dcd_ch32_usbhs.c","12BA23CCFD9C76C8B798464B07F2D855283C5BC30D342793C74DB4B91116ACAA"
"components\espressif__tinyusb\src\typec\pd_types.h","D102F799CF285D6EE6AAF8CA4B2A8448C420B787038035878CC332956DB43738"
"components\espressif__tinyusb\src\typec\tcd.h","31ACEBC590670F5DCE6FEA4CA9BAF8E19B493FCC27554D81B4A34DA6A5EDC473"
"components\espressif__tinyusb\src\typec\usbc.c","D41BB777192E96CECCE6FFDEE9466213133A0B5ED069573A21EC3FF9704CCDA4"
"components\espressif__tinyusb\src\typec\usbc.h","8B774B9133BADF8859CC0C5903E62F844FE2CE062C70BC3A9E06B4E8CE66F57F"
"components\espressif__tinyusb\test\fuzz\dcd_fuzz.cc","031732BDFE2893A310596932AB2CB2545EAFB149273C91FACB7416FA76AEF958"
"components\espressif__tinyusb\test\fuzz\fuzz.cc","AED5149F5B4EE5215545ACA95BAE490628807A56159B97B607C573C68E89CA7A"
"components\espressif__tinyusb\test\fuzz\fuzz.h","579283C77DA5B9C56A15370E4A74A3EEB0493EFBE31326CB0185893D3459C5B4"
"components\espressif__tinyusb\test\fuzz\fuzz_private.h","303E3554529C8E1EB6BF198480D9B7852F4029BB75E4F8D94CE978EBF965C048"
"components\espressif__tinyusb\test\fuzz\make.mk","5769299ABE6CF97720F14D52C7A2F52FC614034F9BECCA853638BA52B069B71E"
"components\espressif__tinyusb\test\fuzz\msc_fuzz.cc","B2F8728D96D19DA537C23FFC6490A82984DCAB377311E2AB3F7CD6B261FB8878"
"components\espressif__tinyusb\test\fuzz\net_fuzz.cc","CE40A750CD05D684B33D4CA1DECD39D9E4BC26B8A11F491D0EFFD5FE8E163900"
"components\espressif__tinyusb\test\fuzz\rules.mk","18347114EEDBDB148DF07576AEC167F675CA8705699202CADF43920ECA2E1C1A"
"components\espressif__tinyusb\test\fuzz\usbd_fuzz.cc","46C3791A9A6F60BBC8E9F9EBC55CE47659770BB740981CBC7883F78F30DD0E34"
"components\espressif__tinyusb\test\fuzz\device\cdc\CMakeLists.txt","6C2616FE5F4F35857709E25E99A27090E46B54B355718BAF12B64BD2A1167FB1"
"components\espressif__tinyusb\test\fuzz\device\cdc\Makefile","D220B2A2AC6D5F6457087AED6648BB265DDA9B4F210B5EC6B256C6665C85C7EF"
"components\espressif__tinyusb\test\fuzz\device\cdc\src\fuzz.cc","6FE3B41727CC3FD92415401B9C38D75AED63D20A1DC34FDE8FAECE232150EB58"
"components\espressif__tinyusb\test\fuzz\device\cdc\src\tusb_config.h","F4FABB4890A5C28BAC387241B8A9FD13A08EC72716C7584047E40A5C2FBFA6E4"
"components\espressif__tinyusb\test\fuzz\device\cdc\src\usb_descriptors.cc","FBDE0B5C184FA6F0FCDD4F95F933AB2FF34E02C72655E0DC9A93DE0F2DAA77C0"
"components\espressif__tinyusb\test\fuzz\device\msc\CMakeLists.txt","854C1653EBF72831C68A8669A03740C83D4718850F1E735B876531D8F2B37EF3"
"components\espressif__tinyusb\test\fuzz\device\msc\Makefile","D220B2A2AC6D5F6457087AED6648BB265DDA9B4F210B5EC6B256C6665C85C7EF"
"components\espressif__tinyusb\test\fuzz\device\msc\src\fuzz.cc","8E1D22BF4787CACCC17580F388D27E403F156A4463FDC23AFB93089971677A53"
"components\espressif__tinyusb\test\fuzz\device\msc\src\tusb_config.h","83B5AD78DA7265A83BFA72E3C3F955BE2936A9CEE4418D58F64A44644866581A"
"components\espressif__tinyusb\test\fuzz\device\msc\src\usb_descriptors.cc","E981A7876FB492AB1F7A1B70A440828C74C602B07D405F65CA21CCE02D226641"
"components\espressif__tinyusb\test\fuzz\device\net\CMakeLists.txt","854C1653EBF72831C68A8669A03740C83D4718850F1E735B876531D8F2B37EF3"
"components\espressif__tinyusb\test\fuzz\device\net\Makefile","78C1A724C4F865FD7E246869878640FE2060C3D7D0E4D363B8737398D84A4ADA"
"components\espressif__tinyusb\test\fuzz\device\net\src\fuzz.cc","814D00CD8E6D3E9BD38A05D47534DD04BC6489A811D2D35478B1C0BE26108762"
"components\espressif__tinyusb\test\fuzz\device\net\src\lwipopts.h","3EB06C97C9C7F03E931FC5EBF301C3FA1A04D50364836B105C8C688F6E40C986"
"components\espressif__tinyusb\test\fuzz\device\net\src\tusb_config.h","ABC8C8128BDE04125D1BECD51FD3DADD740B32C59474A327F88D673EC1D0BB00"
"components\espressif__tinyusb\test\fuzz\device\net\src\usb_descriptors.cc","1168B11A3C8EA5FD7A6E6535C6EE5B616A282E2FC95E995325B61BAA3DFE1771"
"components\espressif__tinyusb\test\fuzz\device\net\src\arch\cc.h","C737E39AFA61B067698245D28B39FBAC483289740AD85DE238CC3C0E81448960"
"components\espressif__tinyusb\test\fuzz\dicts\cdc.dict","7818A0E0859DE2E749858AA2C271E21EF2CDEDFF0E12D3FBAD37DB2F4C3417CB"
"components\espressif__tinyusb\test\hil\hfp.json","8DECB4B24E3D5D296F9B61D0FFDD7EBC6DB94B42830B33568A0C55D08325BDA2"
"components\espressif__tinyusb\test\hil\hil_ci_set_matrix.py","B54396BC0702BFB82BA26DCD74F9298FDEB6C7E2C29F467064F6462FF68FE867"
"components\espressif__tinyusb\test\hil\hil_test.py","E246CEB7E9506D6E16C4A82DE727F786508E812D3799F4A45AEDBAE14A8BD16C"
"components\espressif__tinyusb\test\hil\requirements.txt","A3EF0A980C1279B1D2283A639066219A4CB1F5ADED1DC559A147AB6BB50E78FB"
"components\espressif__tinyusb\test\hil\tinyusb.json","4B2935A31D0C78F26205C0BAB553AC88FC516F1568EFCE59C974CB7ED820C261"
"components\espressif__tinyusb\test\unit-test\ceedling","CAEBDE9A359BD50FCC4584BD11DC04AF19B8329744BE46B020E0ABF666C03D48"
"components\espressif__tinyusb\test\unit-test\project.yml","A19D97DB78AF54054B8DC0924CF3E3B6266A94EEEA964FA373E0B31EBEB443E1"
"components\espressif__tinyusb\test\unit-test\test\test_common_func.c","599A12BA37E3A55604785DB5860312C53FF1834366072613975050F23C31DF84"
"components\espressif__tinyusb\test\unit-test\test\test_fifo.c","CBD7BA00AED8B1851B1AACDE919CDF637F220DCB70B98B131282883A3D43E5B1"
"components\espressif__tinyusb\test\unit-test\test\device\msc\test_msc_device.c","41EAC31B5895068889227BE506854A53C4E0521BD02DFFCEA505FB8B663C0584"
"components\espressif__tinyusb\test\unit-test\test\device\usbd\test_usbd.c","6CECF9A2B422B797E1BC6F3A84E3568A225BE0BCA9A704532B8D82B950D61E8A"
"components\espressif__tinyusb\test\unit-test\test\support\tusb_config.h","EA7AA6EBEAFBE8EBF4D70C45D747404535AE1E8C4704253828FC938FDED16E13"
"main\app_main.c","4828EEED3C76EE4CB0E176DD38A6401A87AE79079BF49DB8DED4509E6585FEFA"
"main\CMakeLists.txt","966B9CDD7A6D7560B60E3BD1CD327E9F37D66DB7E23F9BF1E117E7B6761D40CC"
"main\config_manager.c","8FF0633C79DF3BAB08A386F28C52D8010ED2EDC02523C341445A7CA0EF917C06"
"main\config_manager.h","979C994A591A0BD34569C9FE4C87B9A74FA635C8E81EE0FF561A1937C9C50D3C"
"main\console_cmd.c","386818B613209F46A0F3654F2EEC345B4B98B94C1782BB687F1ECA63095F12EF"
"main\console_cmd.h","09D8E3DE261C96FD73E9EC59C86D54DCB6CCE5B8794F29B9D9D05B71FD0AB40A"
"main\data_recorder.c","4B4E7CA7148867AAAF120A1DD571741729FBABF4D52BBDE9F7791F834FDABE8B"
"main\data_recorder.h","CE7A66693B52AE6C42DC5400ED8D09564B8E38C99BF04214A0651E438C8DA5E4"
"main\data_router.c","AFACC9402C106A269CF2DEE4054C3356C67CB0B629BC0512687D4EEA1A341FCD"
"main\data_router.h","9D7088E2B6BED6A13EF96EE363A801204C164DE001D5599E7B2076B4DC83E63A"
"main\idf_component.yml","6BD585E2EEDA9800D582D4C2E423A152BF35507465D452D4E92D7D3757ABA427"
"main\index.html","04328D7612503B21EA5511F68008542FC5D2DD29C1D6C1DF7A682B565962B7FB"
"main\sd_card.c","FC8938A29E221C426D6F8D8C2208A64DD66A9E4EFD38A79781D5B96F43D11B36"
"main\sd_card.h","92AD6E06AEEE8B129F0BC2E8F7DF2FDF75C6E9832F73E79A4943DA5E19197175"
"main\sd_speed_test.c","F4C79ABCEE39C1F0DAAF0610C157D9CE15A7E0EA8AC8D2F502629743E90CD6E7"
"main\sd_speed_test.h","E40043C9C47BB292EB7B1DE70792B8DEFE232BB90A60A6FC4F2A822F472C9232"
"main\uart_driver.c","77CE8E76D99054011C0C0869D945286B20E4A47EF33BDFEF76AD5F8B0420F53B"
"main\uart_driver.h","356E71B9CCE9DEB43AD3C7110BDBFA85934C950F06079513AC9E61699746E78C"
"main\usb_cdc.c","F703E133FF8FB13421F3FC3E3216BAE6B42C28FE80ABFD80FA9E4B40F9137C61"
"main\usb_cdc.h","FB3B8805D35220F53AA8F840890CDD056A835DE99A9925623734B91212688832"
"main\usb_msc.c","50774E0EE91230B03F59BDC6E0B8EF598B7157BEF29F66D8B27794E82FB4AE5D"
"main\usb_msc.h","AB3ED70F8E0C2B1690E14A6E6B8B358D72D26CEDEBB3AAAC7D5D64FF52FEAF56"
"main\web_server.c","6083E3C78D66C2EDB018DA16327F6632A19298FD23148B9FEDF18E23E775B747"
"main\web_server.h","AAE7A87111EBFA29A3FC47653B07226444EDCBFC8FBDA7C2956343A8BCAB55D0"
"main\wifi_config.c","EE84F5C77FDB1D5CB63CF1948DC25BCBF8243F2A4CD57ECE3E42528FA2665315"
"main\wifi_config.h","26BE86DCBD3BDC1A86CB621B425E64D8309D038A72A0B6E9A840ECE57BCBFF43"
